ZipCode,Personal Property Coverage,Deductible,Liability,Average Rate,Highest Rate,Lowest Rate
96701,"$20,000",$500,"$100,000",$162,$233,$116
96701,"$20,000",$500,"$300,000",$181,$248,$141
96701,"$20,000","$1,000","$100,000",$148,$193,$110
96701,"$20,000","$1,000","$300,000",$166,$208,$135
96701,"$40,000",$500,"$100,000",$223,$306,$147
96701,"$40,000",$500,"$300,000",$245,$321,$172
96701,"$40,000","$1,000","$100,000",$198,$253,$139
96701,"$40,000","$1,000","$300,000",$220,$268,$164
96701,"$60,000",$500,"$100,000",$291,$380,$177
96701,"$60,000",$500,"$300,000",$313,$395,$202
96701,"$60,000","$1,000","$100,000",$259,$315,$167
96701,"$60,000","$1,000","$300,000",$281,$338,$192
96703,"$20,000",$500,"$100,000",$162,$233,$116
96703,"$20,000",$500,"$300,000",$181,$248,$141
96703,"$20,000","$1,000","$100,000",$148,$193,$110
96703,"$20,000","$1,000","$300,000",$166,$208,$135
96703,"$40,000",$500,"$100,000",$223,$306,$147
96703,"$40,000",$500,"$300,000",$245,$321,$172
96703,"$40,000","$1,000","$100,000",$198,$253,$139
96703,"$40,000","$1,000","$300,000",$220,$268,$164
96703,"$60,000",$500,"$100,000",$291,$380,$177
96703,"$60,000",$500,"$300,000",$313,$395,$202
96703,"$60,000","$1,000","$100,000",$259,$315,$167
96703,"$60,000","$1,000","$300,000",$281,$338,$192
96704,"$20,000",$500,"$100,000",$162,$233,$116
96704,"$20,000",$500,"$300,000",$181,$248,$141
96704,"$20,000","$1,000","$100,000",$148,$193,$110
96704,"$20,000","$1,000","$300,000",$166,$208,$135
96704,"$40,000",$500,"$100,000",$223,$306,$147
96704,"$40,000",$500,"$300,000",$245,$321,$172
96704,"$40,000","$1,000","$100,000",$198,$253,$139
96704,"$40,000","$1,000","$300,000",$220,$268,$164
96704,"$60,000",$500,"$100,000",$291,$380,$177
96704,"$60,000",$500,"$300,000",$313,$395,$202
96704,"$60,000","$1,000","$100,000",$259,$315,$167
96704,"$60,000","$1,000","$300,000",$281,$338,$192
96705,"$20,000",$500,"$100,000",$162,$233,$116
96705,"$20,000",$500,"$300,000",$181,$248,$141
96705,"$20,000","$1,000","$100,000",$148,$193,$110
96705,"$20,000","$1,000","$300,000",$166,$208,$135
96705,"$40,000",$500,"$100,000",$223,$306,$147
96705,"$40,000",$500,"$300,000",$245,$321,$172
96705,"$40,000","$1,000","$100,000",$198,$253,$139
96705,"$40,000","$1,000","$300,000",$220,$268,$164
96705,"$60,000",$500,"$100,000",$291,$380,$177
96705,"$60,000",$500,"$300,000",$313,$395,$202
96705,"$60,000","$1,000","$100,000",$259,$315,$167
96705,"$60,000","$1,000","$300,000",$281,$338,$192
96706,"$20,000",$500,"$100,000",$162,$233,$116
96706,"$20,000",$500,"$300,000",$181,$248,$141
96706,"$20,000","$1,000","$100,000",$148,$193,$110
96706,"$20,000","$1,000","$300,000",$166,$208,$135
96706,"$40,000",$500,"$100,000",$223,$306,$147
96706,"$40,000",$500,"$300,000",$245,$321,$172
96706,"$40,000","$1,000","$100,000",$198,$253,$139
96706,"$40,000","$1,000","$300,000",$220,$268,$164
96706,"$60,000",$500,"$100,000",$291,$380,$177
96706,"$60,000",$500,"$300,000",$313,$395,$202
96706,"$60,000","$1,000","$100,000",$259,$315,$167
96706,"$60,000","$1,000","$300,000",$281,$338,$192
96707,"$20,000",$500,"$100,000",$162,$233,$116
96707,"$20,000",$500,"$300,000",$181,$248,$141
96707,"$20,000","$1,000","$100,000",$148,$193,$110
96707,"$20,000","$1,000","$300,000",$166,$208,$135
96707,"$40,000",$500,"$100,000",$223,$306,$147
96707,"$40,000",$500,"$300,000",$245,$321,$172
96707,"$40,000","$1,000","$100,000",$198,$253,$139
96707,"$40,000","$1,000","$300,000",$220,$268,$164
96707,"$60,000",$500,"$100,000",$291,$380,$177
96707,"$60,000",$500,"$300,000",$313,$395,$202
96707,"$60,000","$1,000","$100,000",$259,$315,$167
96707,"$60,000","$1,000","$300,000",$281,$338,$192
96708,"$20,000",$500,"$100,000",$162,$233,$116
96708,"$20,000",$500,"$300,000",$181,$248,$141
96708,"$20,000","$1,000","$100,000",$148,$193,$110
96708,"$20,000","$1,000","$300,000",$166,$208,$135
96708,"$40,000",$500,"$100,000",$223,$306,$147
96708,"$40,000",$500,"$300,000",$245,$321,$172
96708,"$40,000","$1,000","$100,000",$198,$253,$139
96708,"$40,000","$1,000","$300,000",$220,$268,$164
96708,"$60,000",$500,"$100,000",$291,$380,$177
96708,"$60,000",$500,"$300,000",$313,$395,$202
96708,"$60,000","$1,000","$100,000",$259,$315,$167
96708,"$60,000","$1,000","$300,000",$281,$338,$192
96709,"$20,000",$500,"$100,000",$162,$233,$116
96709,"$20,000",$500,"$300,000",$181,$248,$141
96709,"$20,000","$1,000","$100,000",$148,$193,$110
96709,"$20,000","$1,000","$300,000",$166,$208,$135
96709,"$40,000",$500,"$100,000",$223,$306,$147
96709,"$40,000",$500,"$300,000",$245,$321,$172
96709,"$40,000","$1,000","$100,000",$198,$253,$139
96709,"$40,000","$1,000","$300,000",$220,$268,$164
96709,"$60,000",$500,"$100,000",$291,$380,$177
96709,"$60,000",$500,"$300,000",$313,$395,$202
96709,"$60,000","$1,000","$100,000",$259,$315,$167
96709,"$60,000","$1,000","$300,000",$281,$338,$192
96710,"$20,000",$500,"$100,000",$162,$233,$116
96710,"$20,000",$500,"$300,000",$181,$248,$141
96710,"$20,000","$1,000","$100,000",$148,$193,$110
96710,"$20,000","$1,000","$300,000",$166,$208,$135
96710,"$40,000",$500,"$100,000",$223,$306,$147
96710,"$40,000",$500,"$300,000",$245,$321,$172
96710,"$40,000","$1,000","$100,000",$198,$253,$139
96710,"$40,000","$1,000","$300,000",$220,$268,$164
96710,"$60,000",$500,"$100,000",$291,$380,$177
96710,"$60,000",$500,"$300,000",$313,$395,$202
96710,"$60,000","$1,000","$100,000",$259,$315,$167
96710,"$60,000","$1,000","$300,000",$281,$338,$192
96712,"$20,000",$500,"$100,000",$162,$233,$116
96712,"$20,000",$500,"$300,000",$181,$248,$141
96712,"$20,000","$1,000","$100,000",$148,$193,$110
96712,"$20,000","$1,000","$300,000",$166,$208,$135
96712,"$40,000",$500,"$100,000",$223,$306,$147
96712,"$40,000",$500,"$300,000",$245,$321,$172
96712,"$40,000","$1,000","$100,000",$198,$253,$139
96712,"$40,000","$1,000","$300,000",$220,$268,$164
96712,"$60,000",$500,"$100,000",$291,$380,$177
96712,"$60,000",$500,"$300,000",$313,$395,$202
96712,"$60,000","$1,000","$100,000",$259,$315,$167
96712,"$60,000","$1,000","$300,000",$281,$338,$192
96713,"$20,000",$500,"$100,000",$162,$233,$116
96713,"$20,000",$500,"$300,000",$181,$248,$141
96713,"$20,000","$1,000","$100,000",$148,$193,$110
96713,"$20,000","$1,000","$300,000",$166,$208,$135
96713,"$40,000",$500,"$100,000",$223,$306,$147
96713,"$40,000",$500,"$300,000",$245,$321,$172
96713,"$40,000","$1,000","$100,000",$198,$253,$139
96713,"$40,000","$1,000","$300,000",$220,$268,$164
96713,"$60,000",$500,"$100,000",$291,$380,$177
96713,"$60,000",$500,"$300,000",$313,$395,$202
96713,"$60,000","$1,000","$100,000",$259,$315,$167
96713,"$60,000","$1,000","$300,000",$281,$338,$192
96714,"$20,000",$500,"$100,000",$162,$233,$116
96714,"$20,000",$500,"$300,000",$181,$248,$141
96714,"$20,000","$1,000","$100,000",$148,$193,$110
96714,"$20,000","$1,000","$300,000",$166,$208,$135
96714,"$40,000",$500,"$100,000",$223,$306,$147
96714,"$40,000",$500,"$300,000",$245,$321,$172
96714,"$40,000","$1,000","$100,000",$198,$253,$139
96714,"$40,000","$1,000","$300,000",$220,$268,$164
96714,"$60,000",$500,"$100,000",$291,$380,$177
96714,"$60,000",$500,"$300,000",$313,$395,$202
96714,"$60,000","$1,000","$100,000",$259,$315,$167
96714,"$60,000","$1,000","$300,000",$281,$338,$192
96715,"$20,000",$500,"$100,000",$162,$233,$116
96715,"$20,000",$500,"$300,000",$181,$248,$141
96715,"$20,000","$1,000","$100,000",$148,$193,$110
96715,"$20,000","$1,000","$300,000",$166,$208,$135
96715,"$40,000",$500,"$100,000",$223,$306,$147
96715,"$40,000",$500,"$300,000",$245,$321,$172
96715,"$40,000","$1,000","$100,000",$198,$253,$139
96715,"$40,000","$1,000","$300,000",$220,$268,$164
96715,"$60,000",$500,"$100,000",$291,$380,$177
96715,"$60,000",$500,"$300,000",$313,$395,$202
96715,"$60,000","$1,000","$100,000",$259,$315,$167
96715,"$60,000","$1,000","$300,000",$281,$338,$192
96716,"$20,000",$500,"$100,000",$162,$233,$116
96716,"$20,000",$500,"$300,000",$181,$248,$141
96716,"$20,000","$1,000","$100,000",$148,$193,$110
96716,"$20,000","$1,000","$300,000",$166,$208,$135
96716,"$40,000",$500,"$100,000",$223,$306,$147
96716,"$40,000",$500,"$300,000",$245,$321,$172
96716,"$40,000","$1,000","$100,000",$198,$253,$139
96716,"$40,000","$1,000","$300,000",$220,$268,$164
96716,"$60,000",$500,"$100,000",$291,$380,$177
96716,"$60,000",$500,"$300,000",$313,$395,$202
96716,"$60,000","$1,000","$100,000",$259,$315,$167
96716,"$60,000","$1,000","$300,000",$281,$338,$192
96717,"$20,000",$500,"$100,000",$162,$233,$116
96717,"$20,000",$500,"$300,000",$181,$248,$141
96717,"$20,000","$1,000","$100,000",$148,$193,$110
96717,"$20,000","$1,000","$300,000",$166,$208,$135
96717,"$40,000",$500,"$100,000",$223,$306,$147
96717,"$40,000",$500,"$300,000",$245,$321,$172
96717,"$40,000","$1,000","$100,000",$198,$253,$139
96717,"$40,000","$1,000","$300,000",$220,$268,$164
96717,"$60,000",$500,"$100,000",$291,$380,$177
96717,"$60,000",$500,"$300,000",$313,$395,$202
96717,"$60,000","$1,000","$100,000",$259,$315,$167
96717,"$60,000","$1,000","$300,000",$281,$338,$192
96718,"$20,000",$500,"$100,000",$162,$233,$116
96718,"$20,000",$500,"$300,000",$181,$248,$141
96718,"$20,000","$1,000","$100,000",$148,$193,$110
96718,"$20,000","$1,000","$300,000",$166,$208,$135
96718,"$40,000",$500,"$100,000",$223,$306,$147
96718,"$40,000",$500,"$300,000",$245,$321,$172
96718,"$40,000","$1,000","$100,000",$198,$253,$139
96718,"$40,000","$1,000","$300,000",$220,$268,$164
96718,"$60,000",$500,"$100,000",$291,$380,$177
96718,"$60,000",$500,"$300,000",$313,$395,$202
96718,"$60,000","$1,000","$100,000",$259,$315,$167
96718,"$60,000","$1,000","$300,000",$281,$338,$192
96719,"$20,000",$500,"$100,000",$162,$233,$116
96719,"$20,000",$500,"$300,000",$181,$248,$141
96719,"$20,000","$1,000","$100,000",$148,$193,$110
96719,"$20,000","$1,000","$300,000",$166,$208,$135
96719,"$40,000",$500,"$100,000",$223,$306,$147
96719,"$40,000",$500,"$300,000",$245,$321,$172
96719,"$40,000","$1,000","$100,000",$198,$253,$139
96719,"$40,000","$1,000","$300,000",$220,$268,$164
96719,"$60,000",$500,"$100,000",$291,$380,$177
96719,"$60,000",$500,"$300,000",$313,$395,$202
96719,"$60,000","$1,000","$100,000",$259,$315,$167
96719,"$60,000","$1,000","$300,000",$281,$338,$192
96720,"$20,000",$500,"$100,000",$162,$233,$116
96720,"$20,000",$500,"$300,000",$181,$248,$141
96720,"$20,000","$1,000","$100,000",$148,$193,$110
96720,"$20,000","$1,000","$300,000",$166,$208,$135
96720,"$40,000",$500,"$100,000",$223,$306,$147
96720,"$40,000",$500,"$300,000",$245,$321,$172
96720,"$40,000","$1,000","$100,000",$198,$253,$139
96720,"$40,000","$1,000","$300,000",$220,$268,$164
96720,"$60,000",$500,"$100,000",$291,$380,$177
96720,"$60,000",$500,"$300,000",$313,$395,$202
96720,"$60,000","$1,000","$100,000",$259,$315,$167
96720,"$60,000","$1,000","$300,000",$281,$338,$192
96721,"$20,000",$500,"$100,000",$162,$233,$116
96721,"$20,000",$500,"$300,000",$181,$248,$141
96721,"$20,000","$1,000","$100,000",$148,$193,$110
96721,"$20,000","$1,000","$300,000",$166,$208,$135
96721,"$40,000",$500,"$100,000",$223,$306,$147
96721,"$40,000",$500,"$300,000",$245,$321,$172
96721,"$40,000","$1,000","$100,000",$198,$253,$139
96721,"$40,000","$1,000","$300,000",$220,$268,$164
96721,"$60,000",$500,"$100,000",$291,$380,$177
96721,"$60,000",$500,"$300,000",$313,$395,$202
96721,"$60,000","$1,000","$100,000",$259,$315,$167
96721,"$60,000","$1,000","$300,000",$281,$338,$192
96722,"$20,000",$500,"$100,000",$162,$233,$116
96722,"$20,000",$500,"$300,000",$181,$248,$141
96722,"$20,000","$1,000","$100,000",$148,$193,$110
96722,"$20,000","$1,000","$300,000",$166,$208,$135
96722,"$40,000",$500,"$100,000",$223,$306,$147
96722,"$40,000",$500,"$300,000",$245,$321,$172
96722,"$40,000","$1,000","$100,000",$198,$253,$139
96722,"$40,000","$1,000","$300,000",$220,$268,$164
96722,"$60,000",$500,"$100,000",$291,$380,$177
96722,"$60,000",$500,"$300,000",$313,$395,$202
96722,"$60,000","$1,000","$100,000",$259,$315,$167
96722,"$60,000","$1,000","$300,000",$281,$338,$192
96725,"$20,000",$500,"$100,000",$162,$233,$116
96725,"$20,000",$500,"$300,000",$181,$248,$141
96725,"$20,000","$1,000","$100,000",$148,$193,$110
96725,"$20,000","$1,000","$300,000",$166,$208,$135
96725,"$40,000",$500,"$100,000",$223,$306,$147
96725,"$40,000",$500,"$300,000",$245,$321,$172
96725,"$40,000","$1,000","$100,000",$198,$253,$139
96725,"$40,000","$1,000","$300,000",$220,$268,$164
96725,"$60,000",$500,"$100,000",$291,$380,$177
96725,"$60,000",$500,"$300,000",$313,$395,$202
96725,"$60,000","$1,000","$100,000",$259,$315,$167
96725,"$60,000","$1,000","$300,000",$281,$338,$192
96726,"$20,000",$500,"$100,000",$162,$233,$116
96726,"$20,000",$500,"$300,000",$181,$248,$141
96726,"$20,000","$1,000","$100,000",$148,$193,$110
96726,"$20,000","$1,000","$300,000",$166,$208,$135
96726,"$40,000",$500,"$100,000",$223,$306,$147
96726,"$40,000",$500,"$300,000",$245,$321,$172
96726,"$40,000","$1,000","$100,000",$198,$253,$139
96726,"$40,000","$1,000","$300,000",$220,$268,$164
96726,"$60,000",$500,"$100,000",$291,$380,$177
96726,"$60,000",$500,"$300,000",$313,$395,$202
96726,"$60,000","$1,000","$100,000",$259,$315,$167
96726,"$60,000","$1,000","$300,000",$281,$338,$192
96727,"$20,000",$500,"$100,000",$162,$233,$116
96727,"$20,000",$500,"$300,000",$181,$248,$141
96727,"$20,000","$1,000","$100,000",$148,$193,$110
96727,"$20,000","$1,000","$300,000",$166,$208,$135
96727,"$40,000",$500,"$100,000",$223,$306,$147
96727,"$40,000",$500,"$300,000",$245,$321,$172
96727,"$40,000","$1,000","$100,000",$198,$253,$139
96727,"$40,000","$1,000","$300,000",$220,$268,$164
96727,"$60,000",$500,"$100,000",$291,$380,$177
96727,"$60,000",$500,"$300,000",$313,$395,$202
96727,"$60,000","$1,000","$100,000",$259,$315,$167
96727,"$60,000","$1,000","$300,000",$281,$338,$192
96728,"$20,000",$500,"$100,000",$162,$233,$116
96728,"$20,000",$500,"$300,000",$181,$248,$141
96728,"$20,000","$1,000","$100,000",$148,$193,$110
96728,"$20,000","$1,000","$300,000",$166,$208,$135
96728,"$40,000",$500,"$100,000",$223,$306,$147
96728,"$40,000",$500,"$300,000",$245,$321,$172
96728,"$40,000","$1,000","$100,000",$198,$253,$139
96728,"$40,000","$1,000","$300,000",$220,$268,$164
96728,"$60,000",$500,"$100,000",$291,$380,$177
96728,"$60,000",$500,"$300,000",$313,$395,$202
96728,"$60,000","$1,000","$100,000",$259,$315,$167
96728,"$60,000","$1,000","$300,000",$281,$338,$192
96729,"$20,000",$500,"$100,000",$162,$233,$116
96729,"$20,000",$500,"$300,000",$181,$248,$141
96729,"$20,000","$1,000","$100,000",$148,$193,$110
96729,"$20,000","$1,000","$300,000",$166,$208,$135
96729,"$40,000",$500,"$100,000",$223,$306,$147
96729,"$40,000",$500,"$300,000",$245,$321,$172
96729,"$40,000","$1,000","$100,000",$198,$253,$139
96729,"$40,000","$1,000","$300,000",$220,$268,$164
96729,"$60,000",$500,"$100,000",$291,$380,$177
96729,"$60,000",$500,"$300,000",$313,$395,$202
96729,"$60,000","$1,000","$100,000",$259,$315,$167
96729,"$60,000","$1,000","$300,000",$281,$338,$192
96730,"$20,000",$500,"$100,000",$162,$233,$116
96730,"$20,000",$500,"$300,000",$181,$248,$141
96730,"$20,000","$1,000","$100,000",$148,$193,$110
96730,"$20,000","$1,000","$300,000",$166,$208,$135
96730,"$40,000",$500,"$100,000",$223,$306,$147
96730,"$40,000",$500,"$300,000",$245,$321,$172
96730,"$40,000","$1,000","$100,000",$198,$253,$139
96730,"$40,000","$1,000","$300,000",$220,$268,$164
96730,"$60,000",$500,"$100,000",$291,$380,$177
96730,"$60,000",$500,"$300,000",$313,$395,$202
96730,"$60,000","$1,000","$100,000",$259,$315,$167
96730,"$60,000","$1,000","$300,000",$281,$338,$192
96731,"$20,000",$500,"$100,000",$162,$233,$116
96731,"$20,000",$500,"$300,000",$181,$248,$141
96731,"$20,000","$1,000","$100,000",$148,$193,$110
96731,"$20,000","$1,000","$300,000",$166,$208,$135
96731,"$40,000",$500,"$100,000",$223,$306,$147
96731,"$40,000",$500,"$300,000",$245,$321,$172
96731,"$40,000","$1,000","$100,000",$198,$253,$139
96731,"$40,000","$1,000","$300,000",$220,$268,$164
96731,"$60,000",$500,"$100,000",$291,$380,$177
96731,"$60,000",$500,"$300,000",$313,$395,$202
96731,"$60,000","$1,000","$100,000",$259,$315,$167
96731,"$60,000","$1,000","$300,000",$281,$338,$192
96732,"$20,000",$500,"$100,000",$162,$233,$116
96732,"$20,000",$500,"$300,000",$181,$248,$141
96732,"$20,000","$1,000","$100,000",$148,$193,$110
96732,"$20,000","$1,000","$300,000",$166,$208,$135
96732,"$40,000",$500,"$100,000",$223,$306,$147
96732,"$40,000",$500,"$300,000",$245,$321,$172
96732,"$40,000","$1,000","$100,000",$198,$253,$139
96732,"$40,000","$1,000","$300,000",$220,$268,$164
96732,"$60,000",$500,"$100,000",$291,$380,$177
96732,"$60,000",$500,"$300,000",$313,$395,$202
96732,"$60,000","$1,000","$100,000",$259,$315,$167
96732,"$60,000","$1,000","$300,000",$281,$338,$192
96733,"$20,000",$500,"$100,000",$162,$233,$116
96733,"$20,000",$500,"$300,000",$181,$248,$141
96733,"$20,000","$1,000","$100,000",$148,$193,$110
96733,"$20,000","$1,000","$300,000",$166,$208,$135
96733,"$40,000",$500,"$100,000",$223,$306,$147
96733,"$40,000",$500,"$300,000",$245,$321,$172
96733,"$40,000","$1,000","$100,000",$198,$253,$139
96733,"$40,000","$1,000","$300,000",$220,$268,$164
96733,"$60,000",$500,"$100,000",$291,$380,$177
96733,"$60,000",$500,"$300,000",$313,$395,$202
96733,"$60,000","$1,000","$100,000",$259,$315,$167
96733,"$60,000","$1,000","$300,000",$281,$338,$192
96734,"$20,000",$500,"$100,000",$162,$233,$116
96734,"$20,000",$500,"$300,000",$181,$248,$141
96734,"$20,000","$1,000","$100,000",$148,$193,$110
96734,"$20,000","$1,000","$300,000",$166,$208,$135
96734,"$40,000",$500,"$100,000",$223,$306,$147
96734,"$40,000",$500,"$300,000",$245,$321,$172
96734,"$40,000","$1,000","$100,000",$198,$253,$139
96734,"$40,000","$1,000","$300,000",$220,$268,$164
96734,"$60,000",$500,"$100,000",$291,$380,$177
96734,"$60,000",$500,"$300,000",$313,$395,$202
96734,"$60,000","$1,000","$100,000",$259,$315,$167
96734,"$60,000","$1,000","$300,000",$281,$338,$192
96737,"$20,000",$500,"$100,000",$162,$233,$116
96737,"$20,000",$500,"$300,000",$181,$248,$141
96737,"$20,000","$1,000","$100,000",$148,$193,$110
96737,"$20,000","$1,000","$300,000",$166,$208,$135
96737,"$40,000",$500,"$100,000",$223,$306,$147
96737,"$40,000",$500,"$300,000",$245,$321,$172
96737,"$40,000","$1,000","$100,000",$198,$253,$139
96737,"$40,000","$1,000","$300,000",$220,$268,$164
96737,"$60,000",$500,"$100,000",$291,$380,$177
96737,"$60,000",$500,"$300,000",$313,$395,$202
96737,"$60,000","$1,000","$100,000",$259,$315,$167
96737,"$60,000","$1,000","$300,000",$281,$338,$192
96738,"$20,000",$500,"$100,000",$162,$233,$116
96738,"$20,000",$500,"$300,000",$181,$248,$141
96738,"$20,000","$1,000","$100,000",$148,$193,$110
96738,"$20,000","$1,000","$300,000",$166,$208,$135
96738,"$40,000",$500,"$100,000",$223,$306,$147
96738,"$40,000",$500,"$300,000",$245,$321,$172
96738,"$40,000","$1,000","$100,000",$198,$253,$139
96738,"$40,000","$1,000","$300,000",$220,$268,$164
96738,"$60,000",$500,"$100,000",$291,$380,$177
96738,"$60,000",$500,"$300,000",$313,$395,$202
96738,"$60,000","$1,000","$100,000",$259,$315,$167
96738,"$60,000","$1,000","$300,000",$281,$338,$192
96739,"$20,000",$500,"$100,000",$162,$233,$116
96739,"$20,000",$500,"$300,000",$181,$248,$141
96739,"$20,000","$1,000","$100,000",$148,$193,$110
96739,"$20,000","$1,000","$300,000",$166,$208,$135
96739,"$40,000",$500,"$100,000",$223,$306,$147
96739,"$40,000",$500,"$300,000",$245,$321,$172
96739,"$40,000","$1,000","$100,000",$198,$253,$139
96739,"$40,000","$1,000","$300,000",$220,$268,$164
96739,"$60,000",$500,"$100,000",$291,$380,$177
96739,"$60,000",$500,"$300,000",$313,$395,$202
96739,"$60,000","$1,000","$100,000",$259,$315,$167
96739,"$60,000","$1,000","$300,000",$281,$338,$192
96740,"$20,000",$500,"$100,000",$162,$233,$116
96740,"$20,000",$500,"$300,000",$181,$248,$141
96740,"$20,000","$1,000","$100,000",$148,$193,$110
96740,"$20,000","$1,000","$300,000",$166,$208,$135
96740,"$40,000",$500,"$100,000",$223,$306,$147
96740,"$40,000",$500,"$300,000",$245,$321,$172
96740,"$40,000","$1,000","$100,000",$198,$253,$139
96740,"$40,000","$1,000","$300,000",$220,$268,$164
96740,"$60,000",$500,"$100,000",$291,$380,$177
96740,"$60,000",$500,"$300,000",$313,$395,$202
96740,"$60,000","$1,000","$100,000",$259,$315,$167
96740,"$60,000","$1,000","$300,000",$281,$338,$192
96741,"$20,000",$500,"$100,000",$162,$233,$116
96741,"$20,000",$500,"$300,000",$181,$248,$141
96741,"$20,000","$1,000","$100,000",$148,$193,$110
96741,"$20,000","$1,000","$300,000",$166,$208,$135
96741,"$40,000",$500,"$100,000",$223,$306,$147
96741,"$40,000",$500,"$300,000",$245,$321,$172
96741,"$40,000","$1,000","$100,000",$198,$253,$139
96741,"$40,000","$1,000","$300,000",$220,$268,$164
96741,"$60,000",$500,"$100,000",$291,$380,$177
96741,"$60,000",$500,"$300,000",$313,$395,$202
96741,"$60,000","$1,000","$100,000",$259,$315,$167
96741,"$60,000","$1,000","$300,000",$281,$338,$192
96742,"$20,000",$500,"$100,000",$162,$233,$116
96742,"$20,000",$500,"$300,000",$181,$248,$141
96742,"$20,000","$1,000","$100,000",$148,$193,$110
96742,"$20,000","$1,000","$300,000",$166,$208,$135
96742,"$40,000",$500,"$100,000",$223,$306,$147
96742,"$40,000",$500,"$300,000",$245,$321,$172
96742,"$40,000","$1,000","$100,000",$198,$253,$139
96742,"$40,000","$1,000","$300,000",$220,$268,$164
96742,"$60,000",$500,"$100,000",$291,$380,$177
96742,"$60,000",$500,"$300,000",$313,$395,$202
96742,"$60,000","$1,000","$100,000",$259,$315,$167
96742,"$60,000","$1,000","$300,000",$281,$338,$192
96743,"$20,000",$500,"$100,000",$162,$233,$116
96743,"$20,000",$500,"$300,000",$181,$248,$141
96743,"$20,000","$1,000","$100,000",$148,$193,$110
96743,"$20,000","$1,000","$300,000",$166,$208,$135
96743,"$40,000",$500,"$100,000",$223,$306,$147
96743,"$40,000",$500,"$300,000",$245,$321,$172
96743,"$40,000","$1,000","$100,000",$198,$253,$139
96743,"$40,000","$1,000","$300,000",$220,$268,$164
96743,"$60,000",$500,"$100,000",$291,$380,$177
96743,"$60,000",$500,"$300,000",$313,$395,$202
96743,"$60,000","$1,000","$100,000",$259,$315,$167
96743,"$60,000","$1,000","$300,000",$281,$338,$192
96744,"$20,000",$500,"$100,000",$162,$233,$116
96744,"$20,000",$500,"$300,000",$181,$248,$141
96744,"$20,000","$1,000","$100,000",$148,$193,$110
96744,"$20,000","$1,000","$300,000",$166,$208,$135
96744,"$40,000",$500,"$100,000",$223,$306,$147
96744,"$40,000",$500,"$300,000",$245,$321,$172
96744,"$40,000","$1,000","$100,000",$198,$253,$139
96744,"$40,000","$1,000","$300,000",$220,$268,$164
96744,"$60,000",$500,"$100,000",$291,$380,$177
96744,"$60,000",$500,"$300,000",$313,$395,$202
96744,"$60,000","$1,000","$100,000",$259,$315,$167
96744,"$60,000","$1,000","$300,000",$281,$338,$192
96745,"$20,000",$500,"$100,000",$281,$338,$192
96745,"$20,000",$500,"$300,000",$281,$338,$192
96745,"$20,000","$1,000","$100,000",$281,$338,$192
96745,"$20,000","$1,000","$300,000",$281,$338,$192
96745,"$40,000",$500,"$100,000",$281,$338,$192
96745,"$40,000",$500,"$300,000",$281,$338,$192
96745,"$40,000","$1,000","$100,000",$281,$338,$192
96745,"$40,000","$1,000","$300,000",$281,$338,$192
96745,"$60,000",$500,"$100,000",$281,$338,$192
96745,"$60,000",$500,"$300,000",$281,$338,$192
96745,"$60,000","$1,000","$100,000",$281,$338,$192
96745,"$60,000","$1,000","$300,000",$281,$338,$192
96746,"$20,000",$500,"$100,000",$162,$233,$116
96746,"$20,000",$500,"$300,000",$181,$248,$141
96746,"$20,000","$1,000","$100,000",$148,$193,$110
96746,"$20,000","$1,000","$300,000",$166,$208,$135
96746,"$40,000",$500,"$100,000",$223,$306,$147
96746,"$40,000",$500,"$300,000",$245,$321,$172
96746,"$40,000","$1,000","$100,000",$198,$253,$139
96746,"$40,000","$1,000","$300,000",$220,$268,$164
96746,"$60,000",$500,"$100,000",$291,$380,$177
96746,"$60,000",$500,"$300,000",$313,$395,$202
96746,"$60,000","$1,000","$100,000",$259,$315,$167
96746,"$60,000","$1,000","$300,000",$281,$338,$192
96747,"$20,000",$500,"$100,000",$162,$233,$116
96747,"$20,000",$500,"$300,000",$181,$248,$141
96747,"$20,000","$1,000","$100,000",$148,$193,$110
96747,"$20,000","$1,000","$300,000",$166,$208,$135
96747,"$40,000",$500,"$100,000",$223,$306,$147
96747,"$40,000",$500,"$300,000",$245,$321,$172
96747,"$40,000","$1,000","$100,000",$198,$253,$139
96747,"$40,000","$1,000","$300,000",$220,$268,$164
96747,"$60,000",$500,"$100,000",$291,$380,$177
96747,"$60,000",$500,"$300,000",$313,$395,$202
96747,"$60,000","$1,000","$100,000",$259,$315,$167
96747,"$60,000","$1,000","$300,000",$281,$338,$192
96748,"$20,000",$500,"$100,000",$162,$233,$116
96748,"$20,000",$500,"$300,000",$181,$248,$141
96748,"$20,000","$1,000","$100,000",$148,$193,$110
96748,"$20,000","$1,000","$300,000",$166,$208,$135
96748,"$40,000",$500,"$100,000",$223,$306,$147
96748,"$40,000",$500,"$300,000",$245,$321,$172
96748,"$40,000","$1,000","$100,000",$198,$253,$139
96748,"$40,000","$1,000","$300,000",$220,$268,$164
96748,"$60,000",$500,"$100,000",$291,$380,$177
96748,"$60,000",$500,"$300,000",$313,$395,$202
96748,"$60,000","$1,000","$100,000",$259,$315,$167
96748,"$60,000","$1,000","$300,000",$281,$338,$192
96749,"$20,000",$500,"$100,000",$162,$233,$116
96749,"$20,000",$500,"$300,000",$181,$248,$141
96749,"$20,000","$1,000","$100,000",$148,$193,$110
96749,"$20,000","$1,000","$300,000",$166,$208,$135
96749,"$40,000",$500,"$100,000",$223,$306,$147
96749,"$40,000",$500,"$300,000",$245,$321,$172
96749,"$40,000","$1,000","$100,000",$198,$253,$139
96749,"$40,000","$1,000","$300,000",$220,$268,$164
96749,"$60,000",$500,"$100,000",$291,$380,$177
96749,"$60,000",$500,"$300,000",$313,$395,$202
96749,"$60,000","$1,000","$100,000",$259,$315,$167
96749,"$60,000","$1,000","$300,000",$281,$338,$192
96750,"$20,000",$500,"$100,000",$162,$233,$116
96750,"$20,000",$500,"$300,000",$181,$248,$141
96750,"$20,000","$1,000","$100,000",$148,$193,$110
96750,"$20,000","$1,000","$300,000",$166,$208,$135
96750,"$40,000",$500,"$100,000",$223,$306,$147
96750,"$40,000",$500,"$300,000",$245,$321,$172
96750,"$40,000","$1,000","$100,000",$198,$253,$139
96750,"$40,000","$1,000","$300,000",$220,$268,$164
96750,"$60,000",$500,"$100,000",$291,$380,$177
96750,"$60,000",$500,"$300,000",$313,$395,$202
96750,"$60,000","$1,000","$100,000",$259,$315,$167
96750,"$60,000","$1,000","$300,000",$281,$338,$192
96751,"$20,000",$500,"$100,000",$162,$233,$116
96751,"$20,000",$500,"$300,000",$181,$248,$141
96751,"$20,000","$1,000","$100,000",$148,$193,$110
96751,"$20,000","$1,000","$300,000",$166,$208,$135
96751,"$40,000",$500,"$100,000",$223,$306,$147
96751,"$40,000",$500,"$300,000",$245,$321,$172
96751,"$40,000","$1,000","$100,000",$198,$253,$139
96751,"$40,000","$1,000","$300,000",$220,$268,$164
96751,"$60,000",$500,"$100,000",$291,$380,$177
96751,"$60,000",$500,"$300,000",$313,$395,$202
96751,"$60,000","$1,000","$100,000",$259,$315,$167
96751,"$60,000","$1,000","$300,000",$281,$338,$192
96752,"$20,000",$500,"$100,000",$162,$233,$116
96752,"$20,000",$500,"$300,000",$181,$248,$141
96752,"$20,000","$1,000","$100,000",$148,$193,$110
96752,"$20,000","$1,000","$300,000",$166,$208,$135
96752,"$40,000",$500,"$100,000",$223,$306,$147
96752,"$40,000",$500,"$300,000",$245,$321,$172
96752,"$40,000","$1,000","$100,000",$198,$253,$139
96752,"$40,000","$1,000","$300,000",$220,$268,$164
96752,"$60,000",$500,"$100,000",$291,$380,$177
96752,"$60,000",$500,"$300,000",$313,$395,$202
96752,"$60,000","$1,000","$100,000",$259,$315,$167
96752,"$60,000","$1,000","$300,000",$281,$338,$192
96753,"$20,000",$500,"$100,000",$162,$233,$116
96753,"$20,000",$500,"$300,000",$181,$248,$141
96753,"$20,000","$1,000","$100,000",$148,$193,$110
96753,"$20,000","$1,000","$300,000",$166,$208,$135
96753,"$40,000",$500,"$100,000",$223,$306,$147
96753,"$40,000",$500,"$300,000",$245,$321,$172
96753,"$40,000","$1,000","$100,000",$198,$253,$139
96753,"$40,000","$1,000","$300,000",$220,$268,$164
96753,"$60,000",$500,"$100,000",$291,$380,$177
96753,"$60,000",$500,"$300,000",$313,$395,$202
96753,"$60,000","$1,000","$100,000",$259,$315,$167
96753,"$60,000","$1,000","$300,000",$281,$338,$192
96754,"$20,000",$500,"$100,000",$162,$233,$116
96754,"$20,000",$500,"$300,000",$181,$248,$141
96754,"$20,000","$1,000","$100,000",$148,$193,$110
96754,"$20,000","$1,000","$300,000",$166,$208,$135
96754,"$40,000",$500,"$100,000",$223,$306,$147
96754,"$40,000",$500,"$300,000",$245,$321,$172
96754,"$40,000","$1,000","$100,000",$198,$253,$139
96754,"$40,000","$1,000","$300,000",$220,$268,$164
96754,"$60,000",$500,"$100,000",$291,$380,$177
96754,"$60,000",$500,"$300,000",$313,$395,$202
96754,"$60,000","$1,000","$100,000",$259,$315,$167
96754,"$60,000","$1,000","$300,000",$281,$338,$192
96755,"$20,000",$500,"$100,000",$162,$233,$116
96755,"$20,000",$500,"$300,000",$181,$248,$141
96755,"$20,000","$1,000","$100,000",$148,$193,$110
96755,"$20,000","$1,000","$300,000",$166,$208,$135
96755,"$40,000",$500,"$100,000",$223,$306,$147
96755,"$40,000",$500,"$300,000",$245,$321,$172
96755,"$40,000","$1,000","$100,000",$198,$253,$139
96755,"$40,000","$1,000","$300,000",$220,$268,$164
96755,"$60,000",$500,"$100,000",$291,$380,$177
96755,"$60,000",$500,"$300,000",$313,$395,$202
96755,"$60,000","$1,000","$100,000",$259,$315,$167
96755,"$60,000","$1,000","$300,000",$281,$338,$192
96756,"$20,000",$500,"$100,000",$162,$233,$116
96756,"$20,000",$500,"$300,000",$181,$248,$141
96756,"$20,000","$1,000","$100,000",$148,$193,$110
96756,"$20,000","$1,000","$300,000",$166,$208,$135
96756,"$40,000",$500,"$100,000",$223,$306,$147
96756,"$40,000",$500,"$300,000",$245,$321,$172
96756,"$40,000","$1,000","$100,000",$198,$253,$139
96756,"$40,000","$1,000","$300,000",$220,$268,$164
96756,"$60,000",$500,"$100,000",$291,$380,$177
96756,"$60,000",$500,"$300,000",$313,$395,$202
96756,"$60,000","$1,000","$100,000",$259,$315,$167
96756,"$60,000","$1,000","$300,000",$281,$338,$192
96757,"$20,000",$500,"$100,000",$281,$338,$192
96757,"$20,000",$500,"$300,000",$281,$338,$192
96757,"$20,000","$1,000","$100,000",$281,$338,$192
96757,"$20,000","$1,000","$300,000",$281,$338,$192
96757,"$40,000",$500,"$100,000",$281,$338,$192
96757,"$40,000",$500,"$300,000",$281,$338,$192
96757,"$40,000","$1,000","$100,000",$281,$338,$192
96757,"$40,000","$1,000","$300,000",$281,$338,$192
96757,"$60,000",$500,"$100,000",$281,$338,$192
96757,"$60,000",$500,"$300,000",$281,$338,$192
96757,"$60,000","$1,000","$100,000",$281,$338,$192
96757,"$60,000","$1,000","$300,000",$281,$338,$192
96759,"$20,000",$500,"$100,000",$162,$233,$116
96759,"$20,000",$500,"$300,000",$181,$248,$141
96759,"$20,000","$1,000","$100,000",$148,$193,$110
96759,"$20,000","$1,000","$300,000",$166,$208,$135
96759,"$40,000",$500,"$100,000",$223,$306,$147
96759,"$40,000",$500,"$300,000",$245,$321,$172
96759,"$40,000","$1,000","$100,000",$198,$253,$139
96759,"$40,000","$1,000","$300,000",$220,$268,$164
96759,"$60,000",$500,"$100,000",$291,$380,$177
96759,"$60,000",$500,"$300,000",$313,$395,$202
96759,"$60,000","$1,000","$100,000",$259,$315,$167
96759,"$60,000","$1,000","$300,000",$281,$338,$192
96760,"$20,000",$500,"$100,000",$162,$233,$116
96760,"$20,000",$500,"$300,000",$181,$248,$141
96760,"$20,000","$1,000","$100,000",$148,$193,$110
96760,"$20,000","$1,000","$300,000",$166,$208,$135
96760,"$40,000",$500,"$100,000",$223,$306,$147
96760,"$40,000",$500,"$300,000",$245,$321,$172
96760,"$40,000","$1,000","$100,000",$198,$253,$139
96760,"$40,000","$1,000","$300,000",$220,$268,$164
96760,"$60,000",$500,"$100,000",$291,$380,$177
96760,"$60,000",$500,"$300,000",$313,$395,$202
96760,"$60,000","$1,000","$100,000",$259,$315,$167
96760,"$60,000","$1,000","$300,000",$281,$338,$192
96761,"$20,000",$500,"$100,000",$162,$233,$116
96761,"$20,000",$500,"$300,000",$181,$248,$141
96761,"$20,000","$1,000","$100,000",$148,$193,$110
96761,"$20,000","$1,000","$300,000",$166,$208,$135
96761,"$40,000",$500,"$100,000",$223,$306,$147
96761,"$40,000",$500,"$300,000",$245,$321,$172
96761,"$40,000","$1,000","$100,000",$198,$253,$139
96761,"$40,000","$1,000","$300,000",$220,$268,$164
96761,"$60,000",$500,"$100,000",$291,$380,$177
96761,"$60,000",$500,"$300,000",$313,$395,$202
96761,"$60,000","$1,000","$100,000",$259,$315,$167
96761,"$60,000","$1,000","$300,000",$281,$338,$192
96762,"$20,000",$500,"$100,000",$162,$233,$116
96762,"$20,000",$500,"$300,000",$181,$248,$141
96762,"$20,000","$1,000","$100,000",$148,$193,$110
96762,"$20,000","$1,000","$300,000",$166,$208,$135
96762,"$40,000",$500,"$100,000",$223,$306,$147
96762,"$40,000",$500,"$300,000",$245,$321,$172
96762,"$40,000","$1,000","$100,000",$198,$253,$139
96762,"$40,000","$1,000","$300,000",$220,$268,$164
96762,"$60,000",$500,"$100,000",$291,$380,$177
96762,"$60,000",$500,"$300,000",$313,$395,$202
96762,"$60,000","$1,000","$100,000",$259,$315,$167
96762,"$60,000","$1,000","$300,000",$281,$338,$192
96763,"$20,000",$500,"$100,000",$162,$233,$116
96763,"$20,000",$500,"$300,000",$181,$248,$141
96763,"$20,000","$1,000","$100,000",$148,$193,$110
96763,"$20,000","$1,000","$300,000",$166,$208,$135
96763,"$40,000",$500,"$100,000",$223,$306,$147
96763,"$40,000",$500,"$300,000",$245,$321,$172
96763,"$40,000","$1,000","$100,000",$198,$253,$139
96763,"$40,000","$1,000","$300,000",$220,$268,$164
96763,"$60,000",$500,"$100,000",$291,$380,$177
96763,"$60,000",$500,"$300,000",$313,$395,$202
96763,"$60,000","$1,000","$100,000",$259,$315,$167
96763,"$60,000","$1,000","$300,000",$281,$338,$192
96764,"$20,000",$500,"$100,000",$162,$233,$116
96764,"$20,000",$500,"$300,000",$181,$248,$141
96764,"$20,000","$1,000","$100,000",$148,$193,$110
96764,"$20,000","$1,000","$300,000",$166,$208,$135
96764,"$40,000",$500,"$100,000",$223,$306,$147
96764,"$40,000",$500,"$300,000",$245,$321,$172
96764,"$40,000","$1,000","$100,000",$198,$253,$139
96764,"$40,000","$1,000","$300,000",$220,$268,$164
96764,"$60,000",$500,"$100,000",$291,$380,$177
96764,"$60,000",$500,"$300,000",$313,$395,$202
96764,"$60,000","$1,000","$100,000",$259,$315,$167
96764,"$60,000","$1,000","$300,000",$281,$338,$192
96765,"$20,000",$500,"$100,000",$281,$338,$192
96765,"$20,000",$500,"$300,000",$281,$338,$192
96765,"$20,000","$1,000","$100,000",$281,$338,$192
96765,"$20,000","$1,000","$300,000",$281,$338,$192
96765,"$40,000",$500,"$100,000",$281,$338,$192
96765,"$40,000",$500,"$300,000",$281,$338,$192
96765,"$40,000","$1,000","$100,000",$281,$338,$192
96765,"$40,000","$1,000","$300,000",$281,$338,$192
96765,"$60,000",$500,"$100,000",$281,$338,$192
96765,"$60,000",$500,"$300,000",$281,$338,$192
96765,"$60,000","$1,000","$100,000",$281,$338,$192
96765,"$60,000","$1,000","$300,000",$281,$338,$192
96766,"$20,000",$500,"$100,000",$162,$233,$116
96766,"$20,000",$500,"$300,000",$181,$248,$141
96766,"$20,000","$1,000","$100,000",$148,$193,$110
96766,"$20,000","$1,000","$300,000",$166,$208,$135
96766,"$40,000",$500,"$100,000",$223,$306,$147
96766,"$40,000",$500,"$300,000",$245,$321,$172
96766,"$40,000","$1,000","$100,000",$198,$253,$139
96766,"$40,000","$1,000","$300,000",$220,$268,$164
96766,"$60,000",$500,"$100,000",$291,$380,$177
96766,"$60,000",$500,"$300,000",$313,$395,$202
96766,"$60,000","$1,000","$100,000",$259,$315,$167
96766,"$60,000","$1,000","$300,000",$281,$338,$192
96767,"$20,000",$500,"$100,000",$281,$338,$192
96767,"$20,000",$500,"$300,000",$281,$338,$192
96767,"$20,000","$1,000","$100,000",$281,$338,$192
96767,"$20,000","$1,000","$300,000",$281,$338,$192
96767,"$40,000",$500,"$100,000",$281,$338,$192
96767,"$40,000",$500,"$300,000",$281,$338,$192
96767,"$40,000","$1,000","$100,000",$281,$338,$192
96767,"$40,000","$1,000","$300,000",$281,$338,$192
96767,"$60,000",$500,"$100,000",$281,$338,$192
96767,"$60,000",$500,"$300,000",$281,$338,$192
96767,"$60,000","$1,000","$100,000",$281,$338,$192
96767,"$60,000","$1,000","$300,000",$281,$338,$192
96768,"$20,000",$500,"$100,000",$162,$233,$116
96768,"$20,000",$500,"$300,000",$181,$248,$141
96768,"$20,000","$1,000","$100,000",$148,$193,$110
96768,"$20,000","$1,000","$300,000",$166,$208,$135
96768,"$40,000",$500,"$100,000",$223,$306,$147
96768,"$40,000",$500,"$300,000",$245,$321,$172
96768,"$40,000","$1,000","$100,000",$198,$253,$139
96768,"$40,000","$1,000","$300,000",$220,$268,$164
96768,"$60,000",$500,"$100,000",$291,$380,$177
96768,"$60,000",$500,"$300,000",$313,$395,$202
96768,"$60,000","$1,000","$100,000",$259,$315,$167
96768,"$60,000","$1,000","$300,000",$281,$338,$192
96769,"$20,000",$500,"$100,000",$162,$233,$116
96769,"$20,000",$500,"$300,000",$181,$248,$141
96769,"$20,000","$1,000","$100,000",$148,$193,$110
96769,"$20,000","$1,000","$300,000",$166,$208,$135
96769,"$40,000",$500,"$100,000",$223,$306,$147
96769,"$40,000",$500,"$300,000",$245,$321,$172
96769,"$40,000","$1,000","$100,000",$198,$253,$139
96769,"$40,000","$1,000","$300,000",$220,$268,$164
96769,"$60,000",$500,"$100,000",$291,$380,$177
96769,"$60,000",$500,"$300,000",$313,$395,$202
96769,"$60,000","$1,000","$100,000",$259,$315,$167
96769,"$60,000","$1,000","$300,000",$281,$338,$192
96770,"$20,000",$500,"$100,000",$162,$233,$116
96770,"$20,000",$500,"$300,000",$181,$248,$141
96770,"$20,000","$1,000","$100,000",$148,$193,$110
96770,"$20,000","$1,000","$300,000",$166,$208,$135
96770,"$40,000",$500,"$100,000",$223,$306,$147
96770,"$40,000",$500,"$300,000",$245,$321,$172
96770,"$40,000","$1,000","$100,000",$198,$253,$139
96770,"$40,000","$1,000","$300,000",$220,$268,$164
96770,"$60,000",$500,"$100,000",$291,$380,$177
96770,"$60,000",$500,"$300,000",$313,$395,$202
96770,"$60,000","$1,000","$100,000",$259,$315,$167
96770,"$60,000","$1,000","$300,000",$281,$338,$192
96771,"$20,000",$500,"$100,000",$162,$233,$116
96771,"$20,000",$500,"$300,000",$181,$248,$141
96771,"$20,000","$1,000","$100,000",$148,$193,$110
96771,"$20,000","$1,000","$300,000",$166,$208,$135
96771,"$40,000",$500,"$100,000",$223,$306,$147
96771,"$40,000",$500,"$300,000",$245,$321,$172
96771,"$40,000","$1,000","$100,000",$198,$253,$139
96771,"$40,000","$1,000","$300,000",$220,$268,$164
96771,"$60,000",$500,"$100,000",$291,$380,$177
96771,"$60,000",$500,"$300,000",$313,$395,$202
96771,"$60,000","$1,000","$100,000",$259,$315,$167
96771,"$60,000","$1,000","$300,000",$281,$338,$192
96772,"$20,000",$500,"$100,000",$162,$233,$116
96772,"$20,000",$500,"$300,000",$181,$248,$141
96772,"$20,000","$1,000","$100,000",$148,$193,$110
96772,"$20,000","$1,000","$300,000",$166,$208,$135
96772,"$40,000",$500,"$100,000",$223,$306,$147
96772,"$40,000",$500,"$300,000",$245,$321,$172
96772,"$40,000","$1,000","$100,000",$198,$253,$139
96772,"$40,000","$1,000","$300,000",$220,$268,$164
96772,"$60,000",$500,"$100,000",$291,$380,$177
96772,"$60,000",$500,"$300,000",$313,$395,$202
96772,"$60,000","$1,000","$100,000",$259,$315,$167
96772,"$60,000","$1,000","$300,000",$281,$338,$192
96773,"$20,000",$500,"$100,000",$162,$233,$116
96773,"$20,000",$500,"$300,000",$181,$248,$141
96773,"$20,000","$1,000","$100,000",$148,$193,$110
96773,"$20,000","$1,000","$300,000",$166,$208,$135
96773,"$40,000",$500,"$100,000",$223,$306,$147
96773,"$40,000",$500,"$300,000",$245,$321,$172
96773,"$40,000","$1,000","$100,000",$198,$253,$139
96773,"$40,000","$1,000","$300,000",$220,$268,$164
96773,"$60,000",$500,"$100,000",$291,$380,$177
96773,"$60,000",$500,"$300,000",$313,$395,$202
96773,"$60,000","$1,000","$100,000",$259,$315,$167
96773,"$60,000","$1,000","$300,000",$281,$338,$192
96774,"$20,000",$500,"$100,000",$162,$233,$116
96774,"$20,000",$500,"$300,000",$181,$248,$141
96774,"$20,000","$1,000","$100,000",$148,$193,$110
96774,"$20,000","$1,000","$300,000",$166,$208,$135
96774,"$40,000",$500,"$100,000",$223,$306,$147
96774,"$40,000",$500,"$300,000",$245,$321,$172
96774,"$40,000","$1,000","$100,000",$198,$253,$139
96774,"$40,000","$1,000","$300,000",$220,$268,$164
96774,"$60,000",$500,"$100,000",$291,$380,$177
96774,"$60,000",$500,"$300,000",$313,$395,$202
96774,"$60,000","$1,000","$100,000",$259,$315,$167
96774,"$60,000","$1,000","$300,000",$281,$338,$192
96776,"$20,000",$500,"$100,000",$162,$233,$116
96776,"$20,000",$500,"$300,000",$181,$248,$141
96776,"$20,000","$1,000","$100,000",$148,$193,$110
96776,"$20,000","$1,000","$300,000",$166,$208,$135
96776,"$40,000",$500,"$100,000",$223,$306,$147
96776,"$40,000",$500,"$300,000",$245,$321,$172
96776,"$40,000","$1,000","$100,000",$198,$253,$139
96776,"$40,000","$1,000","$300,000",$220,$268,$164
96776,"$60,000",$500,"$100,000",$291,$380,$177
96776,"$60,000",$500,"$300,000",$313,$395,$202
96776,"$60,000","$1,000","$100,000",$259,$315,$167
96776,"$60,000","$1,000","$300,000",$281,$338,$192
96777,"$20,000",$500,"$100,000",$162,$233,$116
96777,"$20,000",$500,"$300,000",$181,$248,$141
96777,"$20,000","$1,000","$100,000",$148,$193,$110
96777,"$20,000","$1,000","$300,000",$166,$208,$135
96777,"$40,000",$500,"$100,000",$223,$306,$147
96777,"$40,000",$500,"$300,000",$245,$321,$172
96777,"$40,000","$1,000","$100,000",$198,$253,$139
96777,"$40,000","$1,000","$300,000",$220,$268,$164
96777,"$60,000",$500,"$100,000",$291,$380,$177
96777,"$60,000",$500,"$300,000",$313,$395,$202
96777,"$60,000","$1,000","$100,000",$259,$315,$167
96777,"$60,000","$1,000","$300,000",$281,$338,$192
96778,"$20,000",$500,"$100,000",$162,$233,$116
96778,"$20,000",$500,"$300,000",$181,$248,$141
96778,"$20,000","$1,000","$100,000",$148,$193,$110
96778,"$20,000","$1,000","$300,000",$166,$208,$135
96778,"$40,000",$500,"$100,000",$223,$306,$147
96778,"$40,000",$500,"$300,000",$245,$321,$172
96778,"$40,000","$1,000","$100,000",$198,$253,$139
96778,"$40,000","$1,000","$300,000",$220,$268,$164
96778,"$60,000",$500,"$100,000",$291,$380,$177
96778,"$60,000",$500,"$300,000",$313,$395,$202
96778,"$60,000","$1,000","$100,000",$259,$315,$167
96778,"$60,000","$1,000","$300,000",$281,$338,$192
96779,"$20,000",$500,"$100,000",$162,$233,$116
96779,"$20,000",$500,"$300,000",$181,$248,$141
96779,"$20,000","$1,000","$100,000",$148,$193,$110
96779,"$20,000","$1,000","$300,000",$166,$208,$135
96779,"$40,000",$500,"$100,000",$223,$306,$147
96779,"$40,000",$500,"$300,000",$245,$321,$172
96779,"$40,000","$1,000","$100,000",$198,$253,$139
96779,"$40,000","$1,000","$300,000",$220,$268,$164
96779,"$60,000",$500,"$100,000",$291,$380,$177
96779,"$60,000",$500,"$300,000",$313,$395,$202
96779,"$60,000","$1,000","$100,000",$259,$315,$167
96779,"$60,000","$1,000","$300,000",$281,$338,$192
96780,"$20,000",$500,"$100,000",$162,$233,$116
96780,"$20,000",$500,"$300,000",$181,$248,$141
96780,"$20,000","$1,000","$100,000",$148,$193,$110
96780,"$20,000","$1,000","$300,000",$166,$208,$135
96780,"$40,000",$500,"$100,000",$223,$306,$147
96780,"$40,000",$500,"$300,000",$245,$321,$172
96780,"$40,000","$1,000","$100,000",$198,$253,$139
96780,"$40,000","$1,000","$300,000",$220,$268,$164
96780,"$60,000",$500,"$100,000",$291,$380,$177
96780,"$60,000",$500,"$300,000",$313,$395,$202
96780,"$60,000","$1,000","$100,000",$259,$315,$167
96780,"$60,000","$1,000","$300,000",$281,$338,$192
96781,"$20,000",$500,"$100,000",$162,$233,$116
96781,"$20,000",$500,"$300,000",$181,$248,$141
96781,"$20,000","$1,000","$100,000",$148,$193,$110
96781,"$20,000","$1,000","$300,000",$166,$208,$135
96781,"$40,000",$500,"$100,000",$223,$306,$147
96781,"$40,000",$500,"$300,000",$245,$321,$172
96781,"$40,000","$1,000","$100,000",$198,$253,$139
96781,"$40,000","$1,000","$300,000",$220,$268,$164
96781,"$60,000",$500,"$100,000",$291,$380,$177
96781,"$60,000",$500,"$300,000",$313,$395,$202
96781,"$60,000","$1,000","$100,000",$259,$315,$167
96781,"$60,000","$1,000","$300,000",$281,$338,$192
96782,"$20,000",$500,"$100,000",$162,$233,$116
96782,"$20,000",$500,"$300,000",$181,$248,$141
96782,"$20,000","$1,000","$100,000",$148,$193,$110
96782,"$20,000","$1,000","$300,000",$166,$208,$135
96782,"$40,000",$500,"$100,000",$223,$306,$147
96782,"$40,000",$500,"$300,000",$245,$321,$172
96782,"$40,000","$1,000","$100,000",$198,$253,$139
96782,"$40,000","$1,000","$300,000",$220,$268,$164
96782,"$60,000",$500,"$100,000",$291,$380,$177
96782,"$60,000",$500,"$300,000",$313,$395,$202
96782,"$60,000","$1,000","$100,000",$259,$315,$167
96782,"$60,000","$1,000","$300,000",$281,$338,$192
96783,"$20,000",$500,"$100,000",$162,$233,$116
96783,"$20,000",$500,"$300,000",$181,$248,$141
96783,"$20,000","$1,000","$100,000",$148,$193,$110
96783,"$20,000","$1,000","$300,000",$166,$208,$135
96783,"$40,000",$500,"$100,000",$223,$306,$147
96783,"$40,000",$500,"$300,000",$245,$321,$172
96783,"$40,000","$1,000","$100,000",$198,$253,$139
96783,"$40,000","$1,000","$300,000",$220,$268,$164
96783,"$60,000",$500,"$100,000",$291,$380,$177
96783,"$60,000",$500,"$300,000",$313,$395,$202
96783,"$60,000","$1,000","$100,000",$259,$315,$167
96783,"$60,000","$1,000","$300,000",$281,$338,$192
96784,"$20,000",$500,"$100,000",$162,$233,$116
96784,"$20,000",$500,"$300,000",$181,$248,$141
96784,"$20,000","$1,000","$100,000",$148,$193,$110
96784,"$20,000","$1,000","$300,000",$166,$208,$135
96784,"$40,000",$500,"$100,000",$223,$306,$147
96784,"$40,000",$500,"$300,000",$245,$321,$172
96784,"$40,000","$1,000","$100,000",$198,$253,$139
96784,"$40,000","$1,000","$300,000",$220,$268,$164
96784,"$60,000",$500,"$100,000",$291,$380,$177
96784,"$60,000",$500,"$300,000",$313,$395,$202
96784,"$60,000","$1,000","$100,000",$259,$315,$167
96784,"$60,000","$1,000","$300,000",$281,$338,$192
96785,"$20,000",$500,"$100,000",$162,$233,$116
96785,"$20,000",$500,"$300,000",$181,$248,$141
96785,"$20,000","$1,000","$100,000",$148,$193,$110
96785,"$20,000","$1,000","$300,000",$166,$208,$135
96785,"$40,000",$500,"$100,000",$223,$306,$147
96785,"$40,000",$500,"$300,000",$245,$321,$172
96785,"$40,000","$1,000","$100,000",$198,$253,$139
96785,"$40,000","$1,000","$300,000",$220,$268,$164
96785,"$60,000",$500,"$100,000",$291,$380,$177
96785,"$60,000",$500,"$300,000",$313,$395,$202
96785,"$60,000","$1,000","$100,000",$259,$315,$167
96785,"$60,000","$1,000","$300,000",$281,$338,$192
96786,"$20,000",$500,"$100,000",$162,$233,$116
96786,"$20,000",$500,"$300,000",$181,$248,$141
96786,"$20,000","$1,000","$100,000",$148,$193,$110
96786,"$20,000","$1,000","$300,000",$166,$208,$135
96786,"$40,000",$500,"$100,000",$223,$306,$147
96786,"$40,000",$500,"$300,000",$245,$321,$172
96786,"$40,000","$1,000","$100,000",$198,$253,$139
96786,"$40,000","$1,000","$300,000",$220,$268,$164
96786,"$60,000",$500,"$100,000",$291,$380,$177
96786,"$60,000",$500,"$300,000",$313,$395,$202
96786,"$60,000","$1,000","$100,000",$259,$315,$167
96786,"$60,000","$1,000","$300,000",$281,$338,$192
96788,"$20,000",$500,"$100,000",$281,$338,$192
96788,"$20,000",$500,"$300,000",$281,$338,$192
96788,"$20,000","$1,000","$100,000",$281,$338,$192
96788,"$20,000","$1,000","$300,000",$281,$338,$192
96788,"$40,000",$500,"$100,000",$281,$338,$192
96788,"$40,000",$500,"$300,000",$281,$338,$192
96788,"$40,000","$1,000","$100,000",$281,$338,$192
96788,"$40,000","$1,000","$300,000",$281,$338,$192
96788,"$60,000",$500,"$100,000",$281,$338,$192
96788,"$60,000",$500,"$300,000",$281,$338,$192
96788,"$60,000","$1,000","$100,000",$281,$338,$192
96788,"$60,000","$1,000","$300,000",$281,$338,$192
96789,"$20,000",$500,"$100,000",$162,$233,$116
96789,"$20,000",$500,"$300,000",$181,$248,$141
96789,"$20,000","$1,000","$100,000",$148,$193,$110
96789,"$20,000","$1,000","$300,000",$166,$208,$135
96789,"$40,000",$500,"$100,000",$223,$306,$147
96789,"$40,000",$500,"$300,000",$245,$321,$172
96789,"$40,000","$1,000","$100,000",$198,$253,$139
96789,"$40,000","$1,000","$300,000",$220,$268,$164
96789,"$60,000",$500,"$100,000",$291,$380,$177
96789,"$60,000",$500,"$300,000",$313,$395,$202
96789,"$60,000","$1,000","$100,000",$259,$315,$167
96789,"$60,000","$1,000","$300,000",$281,$338,$192
96790,"$20,000",$500,"$100,000",$162,$233,$116
96790,"$20,000",$500,"$300,000",$181,$248,$141
96790,"$20,000","$1,000","$100,000",$148,$193,$110
96790,"$20,000","$1,000","$300,000",$166,$208,$135
96790,"$40,000",$500,"$100,000",$223,$306,$147
96790,"$40,000",$500,"$300,000",$245,$321,$172
96790,"$40,000","$1,000","$100,000",$198,$253,$139
96790,"$40,000","$1,000","$300,000",$220,$268,$164
96790,"$60,000",$500,"$100,000",$291,$380,$177
96790,"$60,000",$500,"$300,000",$313,$395,$202
96790,"$60,000","$1,000","$100,000",$259,$315,$167
96790,"$60,000","$1,000","$300,000",$281,$338,$192
96791,"$20,000",$500,"$100,000",$162,$233,$116
96791,"$20,000",$500,"$300,000",$181,$248,$141
96791,"$20,000","$1,000","$100,000",$148,$193,$110
96791,"$20,000","$1,000","$300,000",$166,$208,$135
96791,"$40,000",$500,"$100,000",$223,$306,$147
96791,"$40,000",$500,"$300,000",$245,$321,$172
96791,"$40,000","$1,000","$100,000",$198,$253,$139
96791,"$40,000","$1,000","$300,000",$220,$268,$164
96791,"$60,000",$500,"$100,000",$291,$380,$177
96791,"$60,000",$500,"$300,000",$313,$395,$202
96791,"$60,000","$1,000","$100,000",$259,$315,$167
96791,"$60,000","$1,000","$300,000",$281,$338,$192
96792,"$20,000",$500,"$100,000",$162,$233,$116
96792,"$20,000",$500,"$300,000",$181,$248,$141
96792,"$20,000","$1,000","$100,000",$148,$193,$110
96792,"$20,000","$1,000","$300,000",$166,$208,$135
96792,"$40,000",$500,"$100,000",$223,$306,$147
96792,"$40,000",$500,"$300,000",$245,$321,$172
96792,"$40,000","$1,000","$100,000",$198,$253,$139
96792,"$40,000","$1,000","$300,000",$220,$268,$164
96792,"$60,000",$500,"$100,000",$291,$380,$177
96792,"$60,000",$500,"$300,000",$313,$395,$202
96792,"$60,000","$1,000","$100,000",$259,$315,$167
96792,"$60,000","$1,000","$300,000",$281,$338,$192
96793,"$20,000",$500,"$100,000",$162,$233,$116
96793,"$20,000",$500,"$300,000",$181,$248,$141
96793,"$20,000","$1,000","$100,000",$148,$193,$110
96793,"$20,000","$1,000","$300,000",$166,$208,$135
96793,"$40,000",$500,"$100,000",$223,$306,$147
96793,"$40,000",$500,"$300,000",$245,$321,$172
96793,"$40,000","$1,000","$100,000",$198,$253,$139
96793,"$40,000","$1,000","$300,000",$220,$268,$164
96793,"$60,000",$500,"$100,000",$291,$380,$177
96793,"$60,000",$500,"$300,000",$313,$395,$202
96793,"$60,000","$1,000","$100,000",$259,$315,$167
96793,"$60,000","$1,000","$300,000",$281,$338,$192
96795,"$20,000",$500,"$100,000",$162,$233,$116
96795,"$20,000",$500,"$300,000",$181,$248,$141
96795,"$20,000","$1,000","$100,000",$148,$193,$110
96795,"$20,000","$1,000","$300,000",$166,$208,$135
96795,"$40,000",$500,"$100,000",$223,$306,$147
96795,"$40,000",$500,"$300,000",$245,$321,$172
96795,"$40,000","$1,000","$100,000",$198,$253,$139
96795,"$40,000","$1,000","$300,000",$220,$268,$164
96795,"$60,000",$500,"$100,000",$291,$380,$177
96795,"$60,000",$500,"$300,000",$313,$395,$202
96795,"$60,000","$1,000","$100,000",$259,$315,$167
96795,"$60,000","$1,000","$300,000",$281,$338,$192
96796,"$20,000",$500,"$100,000",$162,$233,$116
96796,"$20,000",$500,"$300,000",$181,$248,$141
96796,"$20,000","$1,000","$100,000",$148,$193,$110
96796,"$20,000","$1,000","$300,000",$166,$208,$135
96796,"$40,000",$500,"$100,000",$223,$306,$147
96796,"$40,000",$500,"$300,000",$245,$321,$172
96796,"$40,000","$1,000","$100,000",$198,$253,$139
96796,"$40,000","$1,000","$300,000",$220,$268,$164
96796,"$60,000",$500,"$100,000",$291,$380,$177
96796,"$60,000",$500,"$300,000",$313,$395,$202
96796,"$60,000","$1,000","$100,000",$259,$315,$167
96796,"$60,000","$1,000","$300,000",$281,$338,$192
96797,"$20,000",$500,"$100,000",$162,$233,$116
96797,"$20,000",$500,"$300,000",$181,$248,$141
96797,"$20,000","$1,000","$100,000",$148,$193,$110
96797,"$20,000","$1,000","$300,000",$166,$208,$135
96797,"$40,000",$500,"$100,000",$223,$306,$147
96797,"$40,000",$500,"$300,000",$245,$321,$172
96797,"$40,000","$1,000","$100,000",$198,$253,$139
96797,"$40,000","$1,000","$300,000",$220,$268,$164
96797,"$60,000",$500,"$100,000",$291,$380,$177
96797,"$60,000",$500,"$300,000",$313,$395,$202
96797,"$60,000","$1,000","$100,000",$259,$315,$167
96797,"$60,000","$1,000","$300,000",$281,$338,$192
96801,"$20,000",$500,"$100,000",$162,$233,$116
96801,"$20,000",$500,"$300,000",$181,$248,$141
96801,"$20,000","$1,000","$100,000",$148,$193,$110
96801,"$20,000","$1,000","$300,000",$166,$208,$135
96801,"$40,000",$500,"$100,000",$223,$306,$147
96801,"$40,000",$500,"$300,000",$245,$321,$172
96801,"$40,000","$1,000","$100,000",$198,$253,$139
96801,"$40,000","$1,000","$300,000",$220,$268,$164
96801,"$60,000",$500,"$100,000",$291,$380,$177
96801,"$60,000",$500,"$300,000",$313,$395,$202
96801,"$60,000","$1,000","$100,000",$259,$315,$167
96801,"$60,000","$1,000","$300,000",$281,$338,$192
96802,"$20,000",$500,"$100,000",$162,$233,$116
96802,"$20,000",$500,"$300,000",$181,$248,$141
96802,"$20,000","$1,000","$100,000",$148,$193,$110
96802,"$20,000","$1,000","$300,000",$166,$208,$135
96802,"$40,000",$500,"$100,000",$223,$306,$147
96802,"$40,000",$500,"$300,000",$245,$321,$172
96802,"$40,000","$1,000","$100,000",$198,$253,$139
96802,"$40,000","$1,000","$300,000",$220,$268,$164
96802,"$60,000",$500,"$100,000",$291,$380,$177
96802,"$60,000",$500,"$300,000",$313,$395,$202
96802,"$60,000","$1,000","$100,000",$259,$315,$167
96802,"$60,000","$1,000","$300,000",$281,$338,$192
96803,"$20,000",$500,"$100,000",$162,$233,$116
96803,"$20,000",$500,"$300,000",$181,$248,$141
96803,"$20,000","$1,000","$100,000",$148,$193,$110
96803,"$20,000","$1,000","$300,000",$166,$208,$135
96803,"$40,000",$500,"$100,000",$223,$306,$147
96803,"$40,000",$500,"$300,000",$245,$321,$172
96803,"$40,000","$1,000","$100,000",$198,$253,$139
96803,"$40,000","$1,000","$300,000",$220,$268,$164
96803,"$60,000",$500,"$100,000",$291,$380,$177
96803,"$60,000",$500,"$300,000",$313,$395,$202
96803,"$60,000","$1,000","$100,000",$259,$315,$167
96803,"$60,000","$1,000","$300,000",$281,$338,$192
96804,"$20,000",$500,"$100,000",$162,$233,$116
96804,"$20,000",$500,"$300,000",$181,$248,$141
96804,"$20,000","$1,000","$100,000",$148,$193,$110
96804,"$20,000","$1,000","$300,000",$166,$208,$135
96804,"$40,000",$500,"$100,000",$223,$306,$147
96804,"$40,000",$500,"$300,000",$245,$321,$172
96804,"$40,000","$1,000","$100,000",$198,$253,$139
96804,"$40,000","$1,000","$300,000",$220,$268,$164
96804,"$60,000",$500,"$100,000",$291,$380,$177
96804,"$60,000",$500,"$300,000",$313,$395,$202
96804,"$60,000","$1,000","$100,000",$259,$315,$167
96804,"$60,000","$1,000","$300,000",$281,$338,$192
96805,"$20,000",$500,"$100,000",$162,$233,$116
96805,"$20,000",$500,"$300,000",$181,$248,$141
96805,"$20,000","$1,000","$100,000",$148,$193,$110
96805,"$20,000","$1,000","$300,000",$166,$208,$135
96805,"$40,000",$500,"$100,000",$223,$306,$147
96805,"$40,000",$500,"$300,000",$245,$321,$172
96805,"$40,000","$1,000","$100,000",$198,$253,$139
96805,"$40,000","$1,000","$300,000",$220,$268,$164
96805,"$60,000",$500,"$100,000",$291,$380,$177
96805,"$60,000",$500,"$300,000",$313,$395,$202
96805,"$60,000","$1,000","$100,000",$259,$315,$167
96805,"$60,000","$1,000","$300,000",$281,$338,$192
96806,"$20,000",$500,"$100,000",$162,$233,$116
96806,"$20,000",$500,"$300,000",$181,$248,$141
96806,"$20,000","$1,000","$100,000",$148,$193,$110
96806,"$20,000","$1,000","$300,000",$166,$208,$135
96806,"$40,000",$500,"$100,000",$223,$306,$147
96806,"$40,000",$500,"$300,000",$245,$321,$172
96806,"$40,000","$1,000","$100,000",$198,$253,$139
96806,"$40,000","$1,000","$300,000",$220,$268,$164
96806,"$60,000",$500,"$100,000",$291,$380,$177
96806,"$60,000",$500,"$300,000",$313,$395,$202
96806,"$60,000","$1,000","$100,000",$259,$315,$167
96806,"$60,000","$1,000","$300,000",$281,$338,$192
96807,"$20,000",$500,"$100,000",$162,$233,$116
96807,"$20,000",$500,"$300,000",$181,$248,$141
96807,"$20,000","$1,000","$100,000",$148,$193,$110
96807,"$20,000","$1,000","$300,000",$166,$208,$135
96807,"$40,000",$500,"$100,000",$223,$306,$147
96807,"$40,000",$500,"$300,000",$245,$321,$172
96807,"$40,000","$1,000","$100,000",$198,$253,$139
96807,"$40,000","$1,000","$300,000",$220,$268,$164
96807,"$60,000",$500,"$100,000",$291,$380,$177
96807,"$60,000",$500,"$300,000",$313,$395,$202
96807,"$60,000","$1,000","$100,000",$259,$315,$167
96807,"$60,000","$1,000","$300,000",$281,$338,$192
96808,"$20,000",$500,"$100,000",$162,$233,$116
96808,"$20,000",$500,"$300,000",$181,$248,$141
96808,"$20,000","$1,000","$100,000",$148,$193,$110
96808,"$20,000","$1,000","$300,000",$166,$208,$135
96808,"$40,000",$500,"$100,000",$223,$306,$147
96808,"$40,000",$500,"$300,000",$245,$321,$172
96808,"$40,000","$1,000","$100,000",$198,$253,$139
96808,"$40,000","$1,000","$300,000",$220,$268,$164
96808,"$60,000",$500,"$100,000",$291,$380,$177
96808,"$60,000",$500,"$300,000",$313,$395,$202
96808,"$60,000","$1,000","$100,000",$259,$315,$167
96808,"$60,000","$1,000","$300,000",$281,$338,$192
96809,"$20,000",$500,"$100,000",$162,$233,$116
96809,"$20,000",$500,"$300,000",$181,$248,$141
96809,"$20,000","$1,000","$100,000",$148,$193,$110
96809,"$20,000","$1,000","$300,000",$166,$208,$135
96809,"$40,000",$500,"$100,000",$223,$306,$147
96809,"$40,000",$500,"$300,000",$245,$321,$172
96809,"$40,000","$1,000","$100,000",$198,$253,$139
96809,"$40,000","$1,000","$300,000",$220,$268,$164
96809,"$60,000",$500,"$100,000",$291,$380,$177
96809,"$60,000",$500,"$300,000",$313,$395,$202
96809,"$60,000","$1,000","$100,000",$259,$315,$167
96809,"$60,000","$1,000","$300,000",$281,$338,$192
96810,"$20,000",$500,"$100,000",$162,$233,$116
96810,"$20,000",$500,"$300,000",$181,$248,$141
96810,"$20,000","$1,000","$100,000",$148,$193,$110
96810,"$20,000","$1,000","$300,000",$166,$208,$135
96810,"$40,000",$500,"$100,000",$223,$306,$147
96810,"$40,000",$500,"$300,000",$245,$321,$172
96810,"$40,000","$1,000","$100,000",$198,$253,$139
96810,"$40,000","$1,000","$300,000",$220,$268,$164
96810,"$60,000",$500,"$100,000",$291,$380,$177
96810,"$60,000",$500,"$300,000",$313,$395,$202
96810,"$60,000","$1,000","$100,000",$259,$315,$167
96810,"$60,000","$1,000","$300,000",$281,$338,$192
96811,"$20,000",$500,"$100,000",$162,$233,$116
96811,"$20,000",$500,"$300,000",$181,$248,$141
96811,"$20,000","$1,000","$100,000",$148,$193,$110
96811,"$20,000","$1,000","$300,000",$166,$208,$135
96811,"$40,000",$500,"$100,000",$223,$306,$147
96811,"$40,000",$500,"$300,000",$245,$321,$172
96811,"$40,000","$1,000","$100,000",$198,$253,$139
96811,"$40,000","$1,000","$300,000",$198,$253,$139
96811,"$60,000",$500,"$100,000",$198,$253,$139
96811,"$60,000",$500,"$300,000",$198,$253,$139
96811,"$60,000","$1,000","$100,000",$198,$253,$139
96811,"$60,000","$1,000","$300,000",$313,$395,$202
96812,"$20,000",$500,"$100,000",$162,$233,$116
96812,"$20,000",$500,"$300,000",$181,$248,$141
96812,"$20,000","$1,000","$100,000",$148,$193,$110
96812,"$20,000","$1,000","$300,000",$166,$208,$135
96812,"$40,000",$500,"$100,000",$223,$306,$147
96812,"$40,000",$500,"$300,000",$245,$321,$172
96812,"$40,000","$1,000","$100,000",$198,$253,$139
96812,"$40,000","$1,000","$300,000",$220,$268,$164
96812,"$60,000",$500,"$100,000",$291,$380,$177
96812,"$60,000",$500,"$300,000",$313,$395,$202
96812,"$60,000","$1,000","$100,000",$259,$315,$167
96812,"$60,000","$1,000","$300,000",$281,$338,$192
96813,"$20,000",$500,"$100,000",$162,$233,$116
96813,"$20,000",$500,"$300,000",$181,$248,$141
96813,"$20,000","$1,000","$100,000",$148,$193,$110
96813,"$20,000","$1,000","$300,000",$166,$208,$135
96813,"$40,000",$500,"$100,000",$223,$306,$147
96813,"$40,000",$500,"$300,000",$245,$321,$172
96813,"$40,000","$1,000","$100,000",$198,$253,$139
96813,"$40,000","$1,000","$300,000",$220,$268,$164
96813,"$60,000",$500,"$100,000",$291,$380,$177
96813,"$60,000",$500,"$300,000",$313,$395,$202
96813,"$60,000","$1,000","$100,000",$259,$315,$167
96813,"$60,000","$1,000","$300,000",$281,$338,$192
96814,"$20,000",$500,"$100,000",$162,$233,$116
96814,"$20,000",$500,"$300,000",$181,$248,$141
96814,"$20,000","$1,000","$100,000",$148,$193,$110
96814,"$20,000","$1,000","$300,000",$166,$208,$135
96814,"$40,000",$500,"$100,000",$223,$306,$147
96814,"$40,000",$500,"$300,000",$245,$321,$172
96814,"$40,000","$1,000","$100,000",$198,$253,$139
96814,"$40,000","$1,000","$300,000",$220,$268,$164
96814,"$60,000",$500,"$100,000",$291,$380,$177
96814,"$60,000",$500,"$300,000",$313,$395,$202
96814,"$60,000","$1,000","$100,000",$259,$315,$167
96814,"$60,000","$1,000","$300,000",$281,$338,$192
96815,"$20,000",$500,"$100,000",$162,$233,$116
96815,"$20,000",$500,"$300,000",$181,$248,$141
96815,"$20,000","$1,000","$100,000",$148,$193,$110
96815,"$20,000","$1,000","$300,000",$166,$208,$135
96815,"$40,000",$500,"$100,000",$223,$306,$147
96815,"$40,000",$500,"$300,000",$245,$321,$172
96815,"$40,000","$1,000","$100,000",$198,$253,$139
96815,"$40,000","$1,000","$300,000",$220,$268,$164
96815,"$60,000",$500,"$100,000",$291,$380,$177
96815,"$60,000",$500,"$300,000",$313,$395,$202
96815,"$60,000","$1,000","$100,000",$259,$315,$167
96815,"$60,000","$1,000","$300,000",$281,$338,$192
96816,"$20,000",$500,"$100,000",$162,$233,$116
96816,"$20,000",$500,"$300,000",$181,$248,$141
96816,"$20,000","$1,000","$100,000",$148,$193,$110
96816,"$20,000","$1,000","$300,000",$166,$208,$135
96816,"$40,000",$500,"$100,000",$223,$306,$147
96816,"$40,000",$500,"$300,000",$245,$321,$172
96816,"$40,000","$1,000","$100,000",$198,$253,$139
96816,"$40,000","$1,000","$300,000",$220,$268,$164
96816,"$60,000",$500,"$100,000",$291,$380,$177
96816,"$60,000",$500,"$300,000",$313,$395,$202
96816,"$60,000","$1,000","$100,000",$259,$315,$167
96816,"$60,000","$1,000","$300,000",$281,$338,$192
96817,"$20,000",$500,"$100,000",$162,$233,$116
96817,"$20,000",$500,"$300,000",$181,$248,$141
96817,"$20,000","$1,000","$100,000",$148,$193,$110
96817,"$20,000","$1,000","$300,000",$166,$208,$135
96817,"$40,000",$500,"$100,000",$223,$306,$147
96817,"$40,000",$500,"$300,000",$245,$321,$172
96817,"$40,000","$1,000","$100,000",$198,$253,$139
96817,"$40,000","$1,000","$300,000",$220,$268,$164
96817,"$60,000",$500,"$100,000",$291,$380,$177
96817,"$60,000",$500,"$300,000",$313,$395,$202
96817,"$60,000","$1,000","$100,000",$259,$315,$167
96817,"$60,000","$1,000","$300,000",$281,$338,$192
96818,"$20,000",$500,"$100,000",$162,$233,$116
96818,"$20,000",$500,"$300,000",$181,$248,$141
96818,"$20,000","$1,000","$100,000",$148,$193,$110
96818,"$20,000","$1,000","$300,000",$166,$208,$135
96818,"$40,000",$500,"$100,000",$223,$306,$147
96818,"$40,000",$500,"$300,000",$245,$321,$172
96818,"$40,000","$1,000","$100,000",$198,$253,$139
96818,"$40,000","$1,000","$300,000",$220,$268,$164
96818,"$60,000",$500,"$100,000",$291,$380,$177
96818,"$60,000",$500,"$300,000",$313,$395,$202
96818,"$60,000","$1,000","$100,000",$259,$315,$167
96818,"$60,000","$1,000","$300,000",$281,$338,$192
96819,"$20,000",$500,"$100,000",$162,$233,$116
96819,"$20,000",$500,"$300,000",$181,$248,$141
96819,"$20,000","$1,000","$100,000",$148,$193,$110
96819,"$20,000","$1,000","$300,000",$166,$208,$135
96819,"$40,000",$500,"$100,000",$223,$306,$147
96819,"$40,000",$500,"$300,000",$245,$321,$172
96819,"$40,000","$1,000","$100,000",$198,$253,$139
96819,"$40,000","$1,000","$300,000",$220,$268,$164
96819,"$60,000",$500,"$100,000",$291,$380,$177
96819,"$60,000",$500,"$300,000",$313,$395,$202
96819,"$60,000","$1,000","$100,000",$259,$315,$167
96819,"$60,000","$1,000","$300,000",$281,$338,$192
96820,"$20,000",$500,"$100,000",$162,$233,$116
96820,"$20,000",$500,"$300,000",$181,$248,$141
96820,"$20,000","$1,000","$100,000",$148,$193,$110
96820,"$20,000","$1,000","$300,000",$166,$208,$135
96820,"$40,000",$500,"$100,000",$223,$306,$147
96820,"$40,000",$500,"$300,000",$245,$321,$172
96820,"$40,000","$1,000","$100,000",$198,$253,$139
96820,"$40,000","$1,000","$300,000",$220,$268,$164
96820,"$60,000",$500,"$100,000",$291,$380,$177
96820,"$60,000",$500,"$300,000",$313,$395,$202
96820,"$60,000","$1,000","$100,000",$259,$315,$167
96820,"$60,000","$1,000","$300,000",$281,$338,$192
96821,"$20,000",$500,"$100,000",$162,$233,$116
96821,"$20,000",$500,"$300,000",$181,$248,$141
96821,"$20,000","$1,000","$100,000",$148,$193,$110
96821,"$20,000","$1,000","$300,000",$166,$208,$135
96821,"$40,000",$500,"$100,000",$223,$306,$147
96821,"$40,000",$500,"$300,000",$245,$321,$172
96821,"$40,000","$1,000","$100,000",$198,$253,$139
96821,"$40,000","$1,000","$300,000",$220,$268,$164
96821,"$60,000",$500,"$100,000",$291,$380,$177
96821,"$60,000",$500,"$300,000",$313,$395,$202
96821,"$60,000","$1,000","$100,000",$259,$315,$167
96821,"$60,000","$1,000","$300,000",$281,$338,$192
96822,"$20,000",$500,"$100,000",$162,$233,$116
96822,"$20,000",$500,"$300,000",$181,$248,$141
96822,"$20,000","$1,000","$100,000",$148,$193,$110
96822,"$20,000","$1,000","$300,000",$166,$208,$135
96822,"$40,000",$500,"$100,000",$223,$306,$147
96822,"$40,000",$500,"$300,000",$245,$321,$172
96822,"$40,000","$1,000","$100,000",$198,$253,$139
96822,"$40,000","$1,000","$300,000",$220,$268,$164
96822,"$60,000",$500,"$100,000",$291,$380,$177
96822,"$60,000",$500,"$300,000",$313,$395,$202
96822,"$60,000","$1,000","$100,000",$259,$315,$167
96822,"$60,000","$1,000","$300,000",$281,$338,$192
96823,"$20,000",$500,"$100,000",$162,$233,$116
96823,"$20,000",$500,"$300,000",$181,$248,$141
96823,"$20,000","$1,000","$100,000",$148,$193,$110
96823,"$20,000","$1,000","$300,000",$166,$208,$135
96823,"$40,000",$500,"$100,000",$223,$306,$147
96823,"$40,000",$500,"$300,000",$245,$321,$172
96823,"$40,000","$1,000","$100,000",$198,$253,$139
96823,"$40,000","$1,000","$300,000",$220,$268,$164
96823,"$60,000",$500,"$100,000",$291,$380,$177
96823,"$60,000",$500,"$300,000",$313,$395,$202
96823,"$60,000","$1,000","$100,000",$259,$315,$167
96823,"$60,000","$1,000","$300,000",$281,$338,$192
96824,"$20,000",$500,"$100,000",$162,$233,$116
96824,"$20,000",$500,"$300,000",$181,$248,$141
96824,"$20,000","$1,000","$100,000",$148,$193,$110
96824,"$20,000","$1,000","$300,000",$166,$208,$135
96824,"$40,000",$500,"$100,000",$223,$306,$147
96824,"$40,000",$500,"$300,000",$245,$321,$172
96824,"$40,000","$1,000","$100,000",$198,$253,$139
96824,"$40,000","$1,000","$300,000",$220,$268,$164
96824,"$60,000",$500,"$100,000",$291,$380,$177
96824,"$60,000",$500,"$300,000",$313,$395,$202
96824,"$60,000","$1,000","$100,000",$259,$315,$167
96824,"$60,000","$1,000","$300,000",$281,$338,$192
96825,"$20,000",$500,"$100,000",$162,$233,$116
96825,"$20,000",$500,"$300,000",$181,$248,$141
96825,"$20,000","$1,000","$100,000",$148,$193,$110
96825,"$20,000","$1,000","$300,000",$166,$208,$135
96825,"$40,000",$500,"$100,000",$223,$306,$147
96825,"$40,000",$500,"$300,000",$245,$321,$172
96825,"$40,000","$1,000","$100,000",$198,$253,$139
96825,"$40,000","$1,000","$300,000",$220,$268,$164
96825,"$60,000",$500,"$100,000",$291,$380,$177
96825,"$60,000",$500,"$300,000",$313,$395,$202
96825,"$60,000","$1,000","$100,000",$259,$315,$167
96825,"$60,000","$1,000","$300,000",$281,$338,$192
96826,"$20,000",$500,"$100,000",$162,$233,$116
96826,"$20,000",$500,"$300,000",$181,$248,$141
96826,"$20,000","$1,000","$100,000",$148,$193,$110
96826,"$20,000","$1,000","$300,000",$166,$208,$135
96826,"$40,000",$500,"$100,000",$223,$306,$147
96826,"$40,000",$500,"$300,000",$245,$321,$172
96826,"$40,000","$1,000","$100,000",$198,$253,$139
96826,"$40,000","$1,000","$300,000",$220,$268,$164
96826,"$60,000",$500,"$100,000",$291,$380,$177
96826,"$60,000",$500,"$300,000",$313,$395,$202
96826,"$60,000","$1,000","$100,000",$259,$315,$167
96826,"$60,000","$1,000","$300,000",$281,$338,$192
96827,"$20,000",$500,"$100,000",$162,$233,$116
96827,"$20,000",$500,"$300,000",$181,$248,$141
96827,"$20,000","$1,000","$100,000",$148,$193,$110
96827,"$20,000","$1,000","$300,000",$166,$208,$135
96827,"$40,000",$500,"$100,000",$223,$306,$147
96827,"$40,000",$500,"$300,000",$245,$321,$172
96827,"$40,000","$1,000","$100,000",$198,$253,$139
96827,"$40,000","$1,000","$300,000",$220,$268,$164
96827,"$60,000",$500,"$100,000",$291,$380,$177
96827,"$60,000",$500,"$300,000",$313,$395,$202
96827,"$60,000","$1,000","$100,000",$259,$315,$167
96827,"$60,000","$1,000","$300,000",$281,$338,$192
96828,"$20,000",$500,"$100,000",$162,$233,$116
96828,"$20,000",$500,"$300,000",$181,$248,$141
96828,"$20,000","$1,000","$100,000",$148,$193,$110
96828,"$20,000","$1,000","$300,000",$166,$208,$135
96828,"$40,000",$500,"$100,000",$223,$306,$147
96828,"$40,000",$500,"$300,000",$245,$321,$172
96828,"$40,000","$1,000","$100,000",$198,$253,$139
96828,"$40,000","$1,000","$300,000",$220,$268,$164
96828,"$60,000",$500,"$100,000",$291,$380,$177
96828,"$60,000",$500,"$300,000",$313,$395,$202
96828,"$60,000","$1,000","$100,000",$259,$315,$167
96828,"$60,000","$1,000","$300,000",$281,$338,$192
96830,"$20,000",$500,"$100,000",$162,$233,$116
96830,"$20,000",$500,"$300,000",$181,$248,$141
96830,"$20,000","$1,000","$100,000",$148,$193,$110
96830,"$20,000","$1,000","$300,000",$166,$208,$135
96830,"$40,000",$500,"$100,000",$223,$306,$147
96830,"$40,000",$500,"$300,000",$245,$321,$172
96830,"$40,000","$1,000","$100,000",$198,$253,$139
96830,"$40,000","$1,000","$300,000",$220,$268,$164
96830,"$60,000",$500,"$100,000",$291,$380,$177
96830,"$60,000",$500,"$300,000",$313,$395,$202
96830,"$60,000","$1,000","$100,000",$259,$315,$167
96830,"$60,000","$1,000","$300,000",$281,$338,$192
96835,"$20,000",$500,"$100,000",$162,$233,$116
96835,"$20,000",$500,"$300,000",$181,$248,$141
96835,"$20,000","$1,000","$100,000",$148,$193,$110
96835,"$20,000","$1,000","$300,000",$166,$208,$135
96835,"$40,000",$500,"$100,000",$223,$306,$147
96835,"$40,000",$500,"$300,000",$245,$321,$172
96835,"$40,000","$1,000","$100,000",$198,$253,$139
96835,"$40,000","$1,000","$300,000",$220,$268,$164
96835,"$60,000",$500,"$100,000",$291,$380,$177
96835,"$60,000",$500,"$300,000",$313,$395,$202
96835,"$60,000","$1,000","$100,000",$259,$315,$167
96835,"$60,000","$1,000","$300,000",$281,$338,$192
96836,"$20,000",$500,"$100,000",$162,$233,$116
96836,"$20,000",$500,"$300,000",$181,$248,$141
96836,"$20,000","$1,000","$100,000",$148,$193,$110
96836,"$20,000","$1,000","$300,000",$166,$208,$135
96836,"$40,000",$500,"$100,000",$223,$306,$147
96836,"$40,000",$500,"$300,000",$245,$321,$172
96836,"$40,000","$1,000","$100,000",$198,$253,$139
96836,"$40,000","$1,000","$300,000",$220,$268,$164
96836,"$60,000",$500,"$100,000",$291,$380,$177
96836,"$60,000",$500,"$300,000",$313,$395,$202
96836,"$60,000","$1,000","$100,000",$259,$315,$167
96836,"$60,000","$1,000","$300,000",$281,$338,$192
96837,"$20,000",$500,"$100,000",$162,$233,$116
96837,"$20,000",$500,"$300,000",$181,$248,$141
96837,"$20,000","$1,000","$100,000",$148,$193,$110
96837,"$20,000","$1,000","$300,000",$166,$208,$135
96837,"$40,000",$500,"$100,000",$223,$306,$147
96837,"$40,000",$500,"$300,000",$245,$321,$172
96837,"$40,000","$1,000","$100,000",$198,$253,$139
96837,"$40,000","$1,000","$300,000",$220,$268,$164
96837,"$60,000",$500,"$100,000",$291,$380,$177
96837,"$60,000",$500,"$300,000",$313,$395,$202
96837,"$60,000","$1,000","$100,000",$259,$315,$167
96837,"$60,000","$1,000","$300,000",$281,$338,$192
96838,"$20,000",$500,"$100,000",$162,$233,$116
96838,"$20,000",$500,"$300,000",$181,$248,$141
96838,"$20,000","$1,000","$100,000",$148,$193,$110
96838,"$20,000","$1,000","$300,000",$166,$208,$135
96838,"$40,000",$500,"$100,000",$223,$306,$147
96838,"$40,000",$500,"$300,000",$245,$321,$172
96838,"$40,000","$1,000","$100,000",$198,$253,$139
96838,"$40,000","$1,000","$300,000",$220,$268,$164
96838,"$60,000",$500,"$100,000",$291,$380,$177
96838,"$60,000",$500,"$300,000",$313,$395,$202
96838,"$60,000","$1,000","$100,000",$259,$315,$167
96838,"$60,000","$1,000","$300,000",$281,$338,$192
96839,"$20,000",$500,"$100,000",$162,$233,$116
96839,"$20,000",$500,"$300,000",$181,$248,$141
96839,"$20,000","$1,000","$100,000",$148,$193,$110
96839,"$20,000","$1,000","$300,000",$166,$208,$135
96839,"$40,000",$500,"$100,000",$223,$306,$147
96839,"$40,000",$500,"$300,000",$245,$321,$172
96839,"$40,000","$1,000","$100,000",$198,$253,$139
96839,"$40,000","$1,000","$300,000",$220,$268,$164
96839,"$60,000",$500,"$100,000",$291,$380,$177
96839,"$60,000",$500,"$300,000",$313,$395,$202
96839,"$60,000","$1,000","$100,000",$259,$315,$167
96839,"$60,000","$1,000","$300,000",$281,$338,$192
96840,"$20,000",$500,"$100,000",$162,$233,$116
96840,"$20,000",$500,"$300,000",$181,$248,$141
96840,"$20,000","$1,000","$100,000",$148,$193,$110
96840,"$20,000","$1,000","$300,000",$166,$208,$135
96840,"$40,000",$500,"$100,000",$223,$306,$147
96840,"$40,000",$500,"$300,000",$245,$321,$172
96840,"$40,000","$1,000","$100,000",$198,$253,$139
96840,"$40,000","$1,000","$300,000",$220,$268,$164
96840,"$60,000",$500,"$100,000",$291,$380,$177
96840,"$60,000",$500,"$300,000",$313,$395,$202
96840,"$60,000","$1,000","$100,000",$259,$315,$167
96840,"$60,000","$1,000","$300,000",$281,$338,$192
96841,"$20,000",$500,"$100,000",$281,$338,$192
96841,"$20,000",$500,"$300,000",$281,$338,$192
96841,"$20,000","$1,000","$100,000",$281,$338,$192
96841,"$20,000","$1,000","$300,000",$281,$338,$192
96841,"$40,000",$500,"$100,000",$181,$248,$141
96841,"$40,000",$500,"$300,000",$245,$321,$172
96841,"$40,000","$1,000","$100,000",$198,$253,$139
96841,"$40,000","$1,000","$300,000",$220,$268,$164
96841,"$60,000",$500,"$100,000",$291,$380,$177
96841,"$60,000",$500,"$300,000",$313,$395,$202
96841,"$60,000","$1,000","$100,000",$259,$315,$167
96841,"$60,000","$1,000","$300,000",$281,$338,$192
96843,"$20,000",$500,"$100,000",$162,$233,$116
96843,"$20,000",$500,"$300,000",$181,$248,$141
96843,"$20,000","$1,000","$100,000",$148,$193,$110
96843,"$20,000","$1,000","$300,000",$166,$208,$135
96843,"$40,000",$500,"$100,000",$223,$306,$147
96843,"$40,000",$500,"$300,000",$245,$321,$172
96843,"$40,000","$1,000","$100,000",$198,$253,$139
96843,"$40,000","$1,000","$300,000",$220,$268,$164
96843,"$60,000",$500,"$100,000",$291,$380,$177
96843,"$60,000",$500,"$300,000",$313,$395,$202
96843,"$60,000","$1,000","$100,000",$259,$315,$167
96843,"$60,000","$1,000","$300,000",$281,$338,$192
96844,"$20,000",$500,"$100,000",$162,$233,$116
96844,"$20,000",$500,"$300,000",$181,$248,$141
96844,"$20,000","$1,000","$100,000",$148,$193,$110
96844,"$20,000","$1,000","$300,000",$166,$208,$135
96844,"$40,000",$500,"$100,000",$223,$306,$147
96844,"$40,000",$500,"$300,000",$245,$321,$172
96844,"$40,000","$1,000","$100,000",$198,$253,$139
96844,"$40,000","$1,000","$300,000",$220,$268,$164
96844,"$60,000",$500,"$100,000",$291,$380,$177
96844,"$60,000",$500,"$300,000",$313,$395,$202
96844,"$60,000","$1,000","$100,000",$259,$315,$167
96844,"$60,000","$1,000","$300,000",$281,$338,$192
96846,"$20,000",$500,"$100,000",$162,$233,$116
96846,"$20,000",$500,"$300,000",$181,$248,$141
96846,"$20,000","$1,000","$100,000",$148,$193,$110
96846,"$20,000","$1,000","$300,000",$166,$208,$135
96846,"$40,000",$500,"$100,000",$223,$306,$147
96846,"$40,000",$500,"$300,000",$245,$321,$172
96846,"$40,000","$1,000","$100,000",$198,$253,$139
96846,"$40,000","$1,000","$300,000",$220,$268,$164
96846,"$60,000",$500,"$100,000",$291,$380,$177
96846,"$60,000",$500,"$300,000",$313,$395,$202
96846,"$60,000","$1,000","$100,000",$259,$315,$167
96846,"$60,000","$1,000","$300,000",$281,$338,$192
96847,"$20,000",$500,"$100,000",$162,$233,$116
96847,"$20,000",$500,"$300,000",$181,$248,$141
96847,"$20,000","$1,000","$100,000",$148,$193,$110
96847,"$20,000","$1,000","$300,000",$166,$208,$135
96847,"$40,000",$500,"$100,000",$223,$306,$147
96847,"$40,000",$500,"$300,000",$245,$321,$172
96847,"$40,000","$1,000","$100,000",$198,$253,$139
96847,"$40,000","$1,000","$300,000",$220,$268,$164
96847,"$60,000",$500,"$100,000",$291,$380,$177
96847,"$60,000",$500,"$300,000",$313,$395,$202
96847,"$60,000","$1,000","$100,000",$259,$315,$167
96847,"$60,000","$1,000","$300,000",$281,$338,$192
96848,"$20,000",$500,"$100,000",$162,$233,$116
96848,"$20,000",$500,"$300,000",$181,$248,$141
96848,"$20,000","$1,000","$100,000",$148,$193,$110
96848,"$20,000","$1,000","$300,000",$166,$208,$135
96848,"$40,000",$500,"$100,000",$223,$306,$147
96848,"$40,000",$500,"$300,000",$245,$321,$172
96848,"$40,000","$1,000","$100,000",$198,$253,$139
96848,"$40,000","$1,000","$300,000",$220,$268,$164
96848,"$60,000",$500,"$100,000",$291,$380,$177
96848,"$60,000",$500,"$300,000",$313,$395,$202
96848,"$60,000","$1,000","$100,000",$259,$315,$167
96848,"$60,000","$1,000","$300,000",$281,$338,$192
96849,"$20,000",$500,"$100,000",$162,$233,$116
96849,"$20,000",$500,"$300,000",$181,$248,$141
96849,"$20,000","$1,000","$100,000",$148,$193,$110
96849,"$20,000","$1,000","$300,000",$166,$208,$135
96849,"$40,000",$500,"$100,000",$223,$306,$147
96849,"$40,000",$500,"$300,000",$245,$321,$172
96849,"$40,000","$1,000","$100,000",$198,$253,$139
96849,"$40,000","$1,000","$300,000",$220,$268,$164
96849,"$60,000",$500,"$100,000",$291,$380,$177
96849,"$60,000",$500,"$300,000",$313,$395,$202
96849,"$60,000","$1,000","$100,000",$259,$315,$167
96849,"$60,000","$1,000","$300,000",$281,$338,$192
96850,"$20,000",$500,"$100,000",$162,$233,$116
96850,"$20,000",$500,"$300,000",$181,$248,$141
96850,"$20,000","$1,000","$100,000",$148,$193,$110
96850,"$20,000","$1,000","$300,000",$166,$208,$135
96850,"$40,000",$500,"$100,000",$223,$306,$147
96850,"$40,000",$500,"$300,000",$245,$321,$172
96850,"$40,000","$1,000","$100,000",$198,$253,$139
96850,"$40,000","$1,000","$300,000",$220,$268,$164
96850,"$60,000",$500,"$100,000",$291,$380,$177
96850,"$60,000",$500,"$300,000",$313,$395,$202
96850,"$60,000","$1,000","$100,000",$259,$315,$167
96850,"$60,000","$1,000","$300,000",$281,$338,$192
96853,"$20,000",$500,"$100,000",$162,$233,$116
96853,"$20,000",$500,"$300,000",$181,$248,$141
96853,"$20,000","$1,000","$100,000",$148,$193,$110
96853,"$20,000","$1,000","$300,000",$166,$208,$135
96853,"$40,000",$500,"$100,000",$223,$306,$147
96853,"$40,000",$500,"$300,000",$245,$321,$172
96853,"$40,000","$1,000","$100,000",$198,$253,$139
96853,"$40,000","$1,000","$300,000",$220,$268,$164
96853,"$60,000",$500,"$100,000",$291,$380,$177
96853,"$60,000",$500,"$300,000",$313,$395,$202
96853,"$60,000","$1,000","$100,000",$259,$315,$167
96853,"$60,000","$1,000","$300,000",$281,$338,$192
96854,"$20,000",$500,"$100,000",$162,$233,$116
96854,"$20,000",$500,"$300,000",$181,$248,$141
96854,"$20,000","$1,000","$100,000",$148,$193,$110
96854,"$20,000","$1,000","$300,000",$166,$208,$135
96854,"$40,000",$500,"$100,000",$223,$306,$147
96854,"$40,000",$500,"$300,000",$245,$321,$172
96854,"$40,000","$1,000","$100,000",$198,$253,$139
96854,"$40,000","$1,000","$300,000",$220,$268,$164
96854,"$60,000",$500,"$100,000",$291,$380,$177
96854,"$60,000",$500,"$300,000",$313,$395,$202
96854,"$60,000","$1,000","$100,000",$259,$315,$167
96854,"$60,000","$1,000","$300,000",$281,$338,$192
96857,"$20,000",$500,"$100,000",$162,$233,$116
96857,"$20,000",$500,"$300,000",$181,$248,$141
96857,"$20,000","$1,000","$100,000",$148,$193,$110
96857,"$20,000","$1,000","$300,000",$166,$208,$135
96857,"$40,000",$500,"$100,000",$223,$306,$147
96857,"$40,000",$500,"$300,000",$245,$321,$172
96857,"$40,000","$1,000","$100,000",$198,$253,$139
96857,"$40,000","$1,000","$300,000",$220,$268,$164
96857,"$60,000",$500,"$100,000",$291,$380,$177
96857,"$60,000",$500,"$300,000",$313,$395,$202
96857,"$60,000","$1,000","$100,000",$259,$315,$167
96857,"$60,000","$1,000","$300,000",$281,$338,$192
96858,"$20,000",$500,"$100,000",$162,$233,$116
96858,"$20,000",$500,"$300,000",$181,$248,$141
96858,"$20,000","$1,000","$100,000",$148,$193,$110
96858,"$20,000","$1,000","$300,000",$166,$208,$135
96858,"$40,000",$500,"$100,000",$223,$306,$147
96858,"$40,000",$500,"$300,000",$245,$321,$172
96858,"$40,000","$1,000","$100,000",$198,$253,$139
96858,"$40,000","$1,000","$300,000",$220,$268,$164
96858,"$60,000",$500,"$100,000",$291,$380,$177
96858,"$60,000",$500,"$300,000",$313,$395,$202
96858,"$60,000","$1,000","$100,000",$259,$315,$167
96858,"$60,000","$1,000","$300,000",$281,$338,$192
96859,"$20,000",$500,"$100,000",$162,$233,$116
96859,"$20,000",$500,"$300,000",$181,$248,$141
96859,"$20,000","$1,000","$100,000",$148,$193,$110
96859,"$20,000","$1,000","$300,000",$166,$208,$135
96859,"$40,000",$500,"$100,000",$223,$306,$147
96859,"$40,000",$500,"$300,000",$245,$321,$172
96859,"$40,000","$1,000","$100,000",$198,$253,$139
96859,"$40,000","$1,000","$300,000",$220,$268,$164
96859,"$60,000",$500,"$100,000",$291,$380,$177
96859,"$60,000",$500,"$300,000",$313,$395,$202
96859,"$60,000","$1,000","$100,000",$259,$315,$167
96859,"$60,000","$1,000","$300,000",$281,$338,$192
96860,"$20,000",$500,"$100,000",$162,$233,$116
96860,"$20,000",$500,"$300,000",$181,$248,$141
96860,"$20,000","$1,000","$100,000",$148,$193,$110
96860,"$20,000","$1,000","$300,000",$166,$208,$135
96860,"$40,000",$500,"$100,000",$223,$306,$147
96860,"$40,000",$500,"$300,000",$245,$321,$172
96860,"$40,000","$1,000","$100,000",$198,$253,$139
96860,"$40,000","$1,000","$300,000",$220,$268,$164
96860,"$60,000",$500,"$100,000",$291,$380,$177
96860,"$60,000",$500,"$300,000",$313,$395,$202
96860,"$60,000","$1,000","$100,000",$259,$315,$167
96860,"$60,000","$1,000","$300,000",$281,$338,$192
96861,"$20,000",$500,"$100,000",$162,$233,$116
96861,"$20,000",$500,"$300,000",$181,$248,$141
96861,"$20,000","$1,000","$100,000",$148,$193,$110
96861,"$20,000","$1,000","$300,000",$166,$208,$135
96861,"$40,000",$500,"$100,000",$223,$306,$147
96861,"$40,000",$500,"$300,000",$245,$321,$172
96861,"$40,000","$1,000","$100,000",$198,$253,$139
96861,"$40,000","$1,000","$300,000",$220,$268,$164
96861,"$60,000",$500,"$100,000",$291,$380,$177
96861,"$60,000",$500,"$300,000",$313,$395,$202
96861,"$60,000","$1,000","$100,000",$259,$315,$167
96861,"$60,000","$1,000","$300,000",$281,$338,$192
96863,"$20,000",$500,"$100,000",$162,$233,$116
96863,"$20,000",$500,"$300,000",$181,$248,$141
96863,"$20,000","$1,000","$100,000",$148,$193,$110
96863,"$20,000","$1,000","$300,000",$166,$208,$135
96863,"$40,000",$500,"$100,000",$223,$306,$147
96863,"$40,000",$500,"$300,000",$245,$321,$172
96863,"$40,000","$1,000","$100,000",$198,$253,$139
96863,"$40,000","$1,000","$300,000",$220,$268,$164
96863,"$60,000",$500,"$100,000",$291,$380,$177
96863,"$60,000",$500,"$300,000",$313,$395,$202
96863,"$60,000","$1,000","$100,000",$259,$315,$167
96863,"$60,000","$1,000","$300,000",$281,$338,$192
96898,"$20,000",$500,"$100,000",$162,$233,$116
96898,"$20,000",$500,"$300,000",$181,$248,$141
96898,"$20,000","$1,000","$100,000",$148,$193,$110
96898,"$20,000","$1,000","$300,000",$166,$208,$135
96898,"$40,000",$500,"$100,000",$223,$306,$147
96898,"$40,000",$500,"$300,000",$245,$321,$172
96898,"$40,000","$1,000","$100,000",$198,$253,$139
96898,"$40,000","$1,000","$300,000",$220,$268,$164
96898,"$60,000",$500,"$100,000",$291,$380,$177
96898,"$60,000",$500,"$300,000",$313,$395,$202
96898,"$60,000","$1,000","$100,000",$259,$315,$167
96898,"$60,000","$1,000","$300,000",$281 ,$338 ,$192 
